src,dest,status,label,pdf_g,pdf_d,event,raceid,head
2012FS8016FRL.pdf,ANC\2011-12\FIS2012_ANC_Perisher_8016_W_MO_FRL.pdf,ok,W MO,,,29979,6259,
2012FS8017FRL.pdf,ANC\2011-12\FIS2012_ANC_Perisher_8017_M_MO_FRL.pdf,ok,M MO,,,29979,6260,
2012FS8018FRL.pdf,ANC\2011-12\FIS2012_ANC_Perisher_8018_W_MO_FRL.pdf,ok,W MO,,,29979,6261,
2012FS8019FRL.pdf,ANC\2011-12\FIS2012_ANC_Perisher_8019_M_MO_FRL.pdf,ok,M MO,,,29979,6262,
2012FS8028FRL.pdf,ANC\2011-12\FIS2012_ANC_MtBuller_8028_M_MO_FRL.pdf,DISC_MISMATCH,M MO,M,DM,29975,6257,James Boag - Abom Mogul Challenge 2011 - Mt Buller / Final Results - Men / Officials Technical specifications 26/08/2011
2012FS8029FRL.pdf,ANC\2011-12\FIS2012_ANC_MtBuller_8029_W_MO_FRL.pdf,DISC_MISMATCH,W MO,W,DM,29975,6258,James Boag - Abom Mogul Challenge 2011 - Mt Buller / Final Results - Women / Officials Technical specifications 26/08/2011
2012FS8034FRL.pdf,WJC\2011-12\FIS2012_WJC_ChiesaInValmalenco_8034_W_MO_FRL.pdf,ok,W MO,,,30543,6395,"FIS Freestyle Ski WJC / Chiesa in Valmalenco, ITA / Mar 23, 2012 (Fri) (F0000002) (8034)"
2012FS8034QRL.pdf,WJC\2011-12\FIS2012_WJC_ChiesaInValmalenco_8034_W_MO_QRL.pdf,ok,W MO,,,30543,6395,"FIS Freestyle Ski WJC / Chiesa in Valmalenco, ITA / Mar 23, 2012 (Fri) (F0000002) (8034)"
2012FS8035FRL.pdf,WJC\2011-12\FIS2012_WJC_ChiesaInValmalenco_8035_M_MO_FRL.pdf,ok,M MO,,,30543,6396,"FIS Freestyle Ski WJC / Chiesa in Valmalenco, ITA / Mar 23, 2012 (Fri) (F0000001) (8035)"
2012FS8035QRL.pdf,WJC\2011-12\FIS2012_WJC_ChiesaInValmalenco_8035_M_MO_QRL.pdf,ok,M MO,,,30543,6396,"FIS Freestyle Ski WJC / Chiesa in Valmalenco, ITA / Mar 23, 2012 (Fri) (F000001) (8035)"
2012FS8042DML.pdf,WJC\2011-12\FIS2012_WJC_ChiesaInValmalenco_8042_W_DM_DML.pdf,ok,W DM,,,30543,6403,"FIS Freestyle Ski WJC / Chiesa in Valmalenco ITA / Mar 24, 2012 (Sat) (F0002) (8042)"
2012FS8042FRL.pdf,WJC\2011-12\FIS2012_WJC_ChiesaInValmalenco_8042_W_DM_FRL.pdf,ok,W DM,,,30543,6403,"FIS Freestyle Ski WJC / Chiesa in Valmalenco ITA / Mar 24, 2012 (Sat) (F0002) (8042)"
2012FS8042QRL.PDF,WJC\2011-12\FIS2012_WJC_ChiesaInValmalenco_8042_W_DM_QRL.pdf,ok,W DM,,,30543,6403,"FIS Freestyle Ski WJC / Chiesa in Valmalenco ITA / Mar 24, 2012 (Sat) (F0002) (8042)"
2012FS8043DML.pdf,WJC\2011-12\FIS2012_WJC_ChiesaInValmalenco_8043_M_DM_DML.pdf,ok,M DM,,,30543,6404,"FIS Freestyle Ski WJC / Chiesa in Valmalenco ITA / Mar 24, 2012 (Sat) (F0001) (8043)"
2012FS8043FRL.pdf,WJC\2011-12\FIS2012_WJC_ChiesaInValmalenco_8043_M_DM_FRL.pdf,ok,M DM,,,30543,6404,"FIS Freestyle Ski WJC / Chiesa in Valmalenco ITA / Mar 24, 2012 (Sat) (F0001) (8043)"
2012FS8043QRL.PDF,WJC\2011-12\FIS2012_WJC_ChiesaInValmalenco_8043_M_DM_QRL.pdf,ok,M DM,,,30543,6404,"FIS Freestyle Ski WJC / Chiesa in Valmalenco ITA / Mar 24, 2012 (Sat) (F0001) (8043)"
2012FS8174FRL.pdf,EC\2011-12\FIS2012_EC_Sochi_8174_W_MO_FRL.pdf,ok,W MO,W,MO,31277,6502,"FIS Freestyle Ski Europa Cup / Rosa Khutor, Sochi, Krasnodar reg., RUS / Ladies' Moguls"
2012FS8174QRL.pdf,EC\2011-12\FIS2012_EC_Sochi_8174_W_MO_QRL.pdf,ok,W MO,W,MO,31277,6502,"FIS Freestyle Ski Europa Cup / Rosa Khutor, Sochi, Krasnodar reg., RUS / Ladies' Moguls"
2012FS8175FRL.pdf,EC\2011-12\FIS2012_EC_Sochi_8175_M_MO_FRL.pdf,ok,M MO,M,MO,31277,6503,"FIS Freestyle Ski Europa Cup / Rosa Khutor, Sochi, Krasnodar reg., RUS / Men's Moguls"
2012FS8175QRL.pdf,EC\2011-12\FIS2012_EC_Sochi_8175_M_MO_QRL.pdf,ok,M MO,M,MO,31277,6503,"FIS Freestyle Ski Europa Cup / Rosa Khutor, Sochi, Krasnodar reg., RUS / Men's Moguls"
2012FS8296FRL.pdf,NAC\2011-12\FIS2012_NAC_Killington_8296_W_MO_FRL.pdf,ok,W MO,W,MO,30286,6345,FIS FREESTYLE NORTH AMERICAN CUP FINALS 2012 / RESULTS / MO
2012FS8297FRL.pdf,NAC\2011-12\FIS2012_NAC_Killington_8297_M_MO_FRL.pdf,ok,M MO,M,MO,30286,6346,FIS FREESTYLE NORTH AMERICAN CUP FINALS 2012 / PHASE RESULTS / Men's Moguls Final
2012FS8298FRL.pdf,NAC\2011-12\FIS2012_NAC_Killington_8298_W_MO_FRL.pdf,ok,W MO,W,MO,30286,6347,FIS FREESTYLE NORTH AMERICAN CUP 2012 / PHASE RESULTS / MO
2012FS8299FRL.pdf,NAC\2011-12\FIS2012_NAC_Killington_8299_M_MO_FRL.pdf,ok,M MO,M,MO,30286,6348,FIS FREESTYLE NORTH AMERICAN CUP 2012 / PHASE RESULTS / MO
2012FS8350FRL.pdf,NAC\2011-12\FIS2012_NAC_ValStCome_8350_W_MO_FRL.pdf,ok,W MO,W,MO,31383,6561,La fièvre Nord-Américaine de ski acrobatique / Val St-Côme / 18 Févr 2012 (Sam) (A1244) (8350)
2012FS8351FRL.pdf,NAC\2011-12\FIS2012_NAC_ValStCome_8351_M_MO_FRL.pdf,ok,M MO,M,MO,31383,6562,La fièvre Nord-Américaine de ski acrobatique / Val St-Côme / 18 Févr 2012 (Sam) (A1234) (8351)
2012FS8352FRL.pdf,NAC\2011-12\FIS2012_NAC_ValStCome_8352_W_DM_FRL.pdf,ok,W DM,W,DM,31383,6563,"La fièvre Nord-Américaine de ski acrobatique / Val St-Côme / Feb 19, 2012 (Sun) () (8352)"
2012FS8353FRL.pdf,NAC\2011-12\FIS2012_NAC_ValStCome_8353_M_DM_FRL.pdf,ok,M DM,M,DM,31383,6564,"La fièvre Nord-Américaine de ski acrobatique / Val St-Côme / Feb 19, 2012 (Sun) () (8353)"
2013FS8004FRL.pdf,ANC\2012-13\FIS2013_ANC_Perisher_8004_W_MO_FRL.pdf,ok,W MO,,,31770,6831,
2013FS8004QRL.pdf,ANC\2012-13\FIS2013_ANC_Perisher_8004_W_MO_QRL.pdf,ok,W MO,,,31770,6831,
2013FS8005FRL.pdf,ANC\2012-13\FIS2013_ANC_Perisher_8005_M_MO_FRL.pdf,ok,M MO,,,31770,6832,
2013FS8005QRL.pdf,ANC\2012-13\FIS2013_ANC_Perisher_8005_M_MO_QRL.pdf,ok,M MO,,,31770,6832,
2013FS8006FRL.pdf,ANC\2012-13\FIS2013_ANC_Perisher_8006_W_MO_FRL.pdf,ok,W MO,,,31770,6833,
2013FS8007FRL.pdf,ANC\2012-13\FIS2013_ANC_Perisher_8007_M_MO_FRL.pdf,ok,M MO,,,31770,6834,
2013FS8078DML.pdf,NAC\2012-13\FIS2013_NAC_Apex_8078_M_DM_DML.pdf,ok,M DM,M,DM,32007,6899,"Nor Am / Apex Mtn Resort / Feb 17, 2013 (Sun) () (8078)"
2013FS8078FRL.pdf,NAC\2012-13\FIS2013_NAC_Apex_8078_M_DM_FRL.pdf,ok,M DM,M,DM,32007,6899,"Nor Am / Apex Mtn Resort / Feb 17, 2013 (Sun)"
2013FS8081F1RL.pdf,NAC\2012-13\FIS2013_NAC_ValStCome_8081_W_MO_F1RL.pdf,ok,W MO,W,MO,32008,6902,FIS FREESTYLE NORTH AMERICAN CUP 2013 / RESULTS MO / Ladies' Moguls Final 1
2013FS8081FRL.pdf,NAC\2012-13\FIS2013_NAC_ValStCome_8081_W_MO_FRL.pdf,ok,W MO,W,MO,32008,6902,FIS FREESTYLE NORTH AMERICAN CUP 2013 / RESULTS MO / Ladies' Moguls
2013FS8081QRL.pdf,NAC\2012-13\FIS2013_NAC_ValStCome_8081_W_MO_QRL.pdf,ok,W MO,W,MO,32008,6902,FIS FREESTYLE NORTH AMERICAN CUP 2013 / RESULTS MO / Ladies' Moguls Qualification
2013FS8082F1RL.pdf,NAC\2012-13\FIS2013_NAC_ValStCome_8082_M_MO_F1RL.pdf,ok,M MO,M,MO,32008,6903,FIS FREESTYLE NORTH AMERICAN CUP 2013 / RESULTS MO / Men's Moguls Final 1
2013FS8082FRL.pdf,NAC\2012-13\FIS2013_NAC_ValStCome_8082_M_MO_FRL.pdf,ok,M MO,M,MO,32008,6903,FIS FREESTYLE NORTH AMERICAN CUP 2013 / RESULTS MO / Men's Moguls
2013FS8082QRL.pdf,NAC\2012-13\FIS2013_NAC_ValStCome_8082_M_MO_QRL.pdf,ok,M MO,M,MO,32008,6903,FIS FREESTYLE NORTH AMERICAN CUP 2013 / RESULTS MO / Men's Moguls Qualification
2013FS8085FRL.pdf,NAC\2012-13\FIS2013_NAC_ValStCome_8085_W_DM_FRL.pdf,ok,W DM,W,DM,32008,6906,FIS FREESTYLE NORTH AMERICAN CUP 2013 / RESULTS DM / Ladies' Dual Moguls Final
2013FS8085QRL.pdf,NAC\2012-13\FIS2013_NAC_ValStCome_8085_W_DM_QRL.pdf,ok,W DM,W,DM,32008,6906,FIS FREESTYLE NORTH AMERICAN CUP 2013 / RESULTS DM / Ladies' Dual Moguls Qualification
2013FS8086FRL.pdf,NAC\2012-13\FIS2013_NAC_ValStCome_8086_M_DM_FRL.pdf,ok,M DM,M,DM,32008,6907,FIS FREESTYLE NORTH AMERICAN CUP 2013 / RESULTS DM / Men's Dual Moguls Final
2013FS8086QRL.pdf,NAC\2012-13\FIS2013_NAC_ValStCome_8086_M_DM_QRL.pdf,ok,M DM,M,DM,32008,6907,FIS FREESTYLE NORTH AMERICAN CUP 2013 / RESULTS DM / Men's Dual Moguls Qualification
2013FS8159F1RL.pdf,WJC\2012-13\FIS2013_WJC_ChiesaInValmalenco_8159_W_MO_F1RL.pdf,ok,W MO,W,MO,31831,6857,FIS FREESTYLE SKI WORLD CUP 2013 / RESULTS MO / Ladies' Moguls Final 1
2013FS8159F2RL.pdf,WJC\2012-13\FIS2013_WJC_ChiesaInValmalenco_8159_W_MO_F2RL.pdf,ok,W MO,W,MO,31831,6857,FIS FREESTYLE SKI WORLD CUP 2013 / RESULTS MO / Ladies' Moguls Final 2
2013FS8159FRL.pdf,WJC\2012-13\FIS2013_WJC_ChiesaInValmalenco_8159_W_MO_FRL.pdf,ok,W MO,W,MO,31831,6857,FIS FREESTYLE SKI Jr. WSC 2013 / RESULTS MO / Ladies' Moguls
2013FS8159QRL.pdf,WJC\2012-13\FIS2013_WJC_ChiesaInValmalenco_8159_W_MO_QRL.pdf,ok,W MO,W,MO,31831,6857,FIS FREESTYLE SKI Jr. WSC 2013 / RESULTS MO / Ladies' Moguls Qualification
2013FS8160F1RL.pdf,WJC\2012-13\FIS2013_WJC_ChiesaInValmalenco_8160_M_MO_F1RL.pdf,ok,M MO,M,MO,31831,6858,FIS FREESTYLE SKI WORLD CUP 2013 / RESULTS MO / Men's Moguls Final 1
2013FS8160F2RL.pdf,WJC\2012-13\FIS2013_WJC_ChiesaInValmalenco_8160_M_MO_F2RL.pdf,ok,M MO,M,MO,31831,6858,FIS FREESTYLE SKI WORLD CUP 2013 / RESULTS MO / Men's Moguls Final 2
2013FS8160FRL.pdf,WJC\2012-13\FIS2013_WJC_ChiesaInValmalenco_8160_M_MO_FRL.pdf,ok,M MO,M,MO,31831,6858,FIS FREESTYLE SKI Jr. WSC 2013 / RESULTS MO / Men's Moguls
2013FS8160QRL.pdf,WJC\2012-13\FIS2013_WJC_ChiesaInValmalenco_8160_M_MO_QRL.pdf,ok,M MO,M,MO,31831,6858,FIS FREESTYLE SKI Jr. WSC 2013 / RESULTS MO / Men's Moguls Qualification
2013FS8169DML.pdf,WJC\2012-13\FIS2013_WJC_ChiesaInValmalenco_8169_W_DM_DML.pdf,ok,W DM,W,DM,31831,7073,FIS FREESTYLE SKI Jr. WSC 2013 / RESULTS BRACKET / DM
2013FS8169FRL.pdf,WJC\2012-13\FIS2013_WJC_ChiesaInValmalenco_8169_W_DM_FRL.pdf,ok,W DM,W,DM,31831,7073,FIS FREESTYLE SKI Jr. WSC 2013 / RESULTS DM / Ladies' Dual Moguls Final
2013FS8169QRL.pdf,WJC\2012-13\FIS2013_WJC_ChiesaInValmalenco_8169_W_DM_QRL.pdf,ok,W DM,W,DM,31831,7073,FIS FREESTYLE SKI Jr. WSC 2013 / RESULTS DM / Ladies' Dual Moguls Qualification
2013FS8170DML.pdf,WJC\2012-13\FIS2013_WJC_ChiesaInValmalenco_8170_M_DM_DML.pdf,ok,M DM,M,DM,31831,7074,FIS FREESTYLE SKI Jr. WSC 2013 / RESULTS BRACKET / DM
2013FS8170FRL.pdf,WJC\2012-13\FIS2013_WJC_ChiesaInValmalenco_8170_M_DM_FRL.pdf,ok,M DM,M,DM,31831,7074,FIS FREESTYLE SKI Jr. WSC 2013 / RESULTS DM / Men's Dual Moguls Final
2013FS8170QRL.pdf,WJC\2012-13\FIS2013_WJC_ChiesaInValmalenco_8170_M_DM_QRL.pdf,ok,M DM,M,DM,31831,7074,FIS FREESTYLE SKI Jr. WSC 2013 / RESULTS DM / Men's Dual Moguls Qualification
2013FS8356FRL.pdf,NAC\2012-13\FIS2013_NAC_Telluride_8356_M_MO_FRL.pdf,ok,M MO,M,MO,31929,6930,FIS FREESTYLE NORTH AMERICAN CUP 2013 / RESULTS MO / Men's Moguls
2013FS8358FRL.pdf,NAC\2012-13\FIS2013_NAC_Telluride_8358_M_DM_FRL.pdf,ok,M DM,M,DM,31929,6932,FIS FREESTYLE SKI WORLD CUP 2013 / RESULTS DM / Men's Dual Moguls Final
2013FS8367F1RL.pdf,NAC\2012-13\FIS2013_NAC_StrattonMountain_8367_W_MO_F1RL.pdf,ok,W MO,W,MO,31931,6933,FIS FREESTYLE NORTH AMERICAN CUP 2013 / MO / RESULTS
2013FS8367FRL.pdf,NAC\2012-13\FIS2013_NAC_StrattonMountain_8367_W_MO_FRL.pdf,ok,W MO,W,MO,31931,6933,FIS FREESTYLE NORTH AMERICAN CUP 2013 / MO / RESULTS
2013FS8367QRL.pdf,NAC\2012-13\FIS2013_NAC_StrattonMountain_8367_W_MO_QRL.pdf,ok,W MO,W,MO,31931,6933,FIS FREESTYLE NORTH AMERICAN CUP 2013 / MO / RESULTS
2013FS8368F1RL.pdf,NAC\2012-13\FIS2013_NAC_StrattonMountain_8368_M_MO_F1RL.pdf,ok,M MO,M,MO,31931,6934,FIS FREESTYLE NORTH AMERICAN CUP 2013 / MO / RESULTS
2013FS8368FRL.pdf,NAC\2012-13\FIS2013_NAC_StrattonMountain_8368_M_MO_FRL.pdf,ok,M MO,M,MO,31931,6934,FIS FREESTYLE NORTH AMERICAN CUP 2013 / MO / RESULTS
2013FS8368QRL.pdf,NAC\2012-13\FIS2013_NAC_StrattonMountain_8368_M_MO_QRL.pdf,ok,M MO,M,MO,31931,6934,FIS FREESTYLE NORTH AMERICAN CUP 2013 / MO / RESULTS
2013FS8369DML.pdf,NAC\2012-13\FIS2013_NAC_StrattonMountain_8369_W_DM_DML.pdf,ok,W DM,W,DM,31931,6935,FIS FREESTYLE NORTH AMERICAN CUP 2013 / RESULTS BRACKET / DM
2013FS8369FRL.pdf,NAC\2012-13\FIS2013_NAC_StrattonMountain_8369_W_DM_FRL.pdf,ok,W DM,W,DM,31931,6935,FIS FREESTYLE NORTH AMERICAN CUP 2013 / RESULTS DM / Ladies' Dual Moguls Final
2013FS8369QRL.pdf,NAC\2012-13\FIS2013_NAC_StrattonMountain_8369_W_DM_QRL.pdf,ok,W DM,W,DM,31931,6935,FIS FREESTYLE NORTH AMERICAN CUP 2013 / DM / RESULTS
2013FS8370DML.pdf,NAC\2012-13\FIS2013_NAC_StrattonMountain_8370_M_DM_DML.pdf,ok,M DM,M,DM,31931,6936,FIS FREESTYLE NORTH AMERICAN CUP 2013 / RESULTS BRACKET / DM
2013FS8370FRL.pdf,NAC\2012-13\FIS2013_NAC_StrattonMountain_8370_M_DM_FRL.pdf,ok,M DM,M,DM,31931,6936,FIS FREESTYLE NORTH AMERICAN CUP 2013 / RESULTS DM / Men's Dual Moguls Final
2013FS8370QRL.pdf,NAC\2012-13\FIS2013_NAC_StrattonMountain_8370_M_DM_QRL.pdf,ok,M DM,M,DM,31931,6936,FIS FREESTYLE NORTH AMERICAN CUP 2013 / DM / RESULTS
2014FS8025FRL.pdf,ANC\2013-14\FIS2014_ANC_Perisher_8025_W_MO_FRL.pdf,ok,W MO,,,33273,7391,
2014FS8026FRL.pdf,ANC\2013-14\FIS2014_ANC_Perisher_8026_M_MO_FRL.pdf,ok,M MO,M,,33273,7392,2013 Freestyle Champs - Event 1 / Final Results - Men / Officials Technical specifications 16/08/2013
2014FS8027FRL.pdf,ANC\2013-14\FIS2014_ANC_Perisher_8027_W_MO_FRL.pdf,ok,W MO,W,,33273,7393,2013 Freestyle Champs - Event 2 / Final Results - Women / Officials Technical specifications 17/08/2013
2014FS8028FRL.pdf,ANC\2013-14\FIS2014_ANC_Perisher_8028_M_MO_FRL.pdf,ok,M MO,M,,33273,7394,2013 Freestyle Champs - Event 2 / Final Results - Men / Officials Technical specifications 17/08/2013
2014FS8081FRL.pdf,NAC\2013-14\FIS2014_NAC_ValStCome_8081_W_MO_FRL.pdf,ok,W MO,W,MO,33563,7448,FIS FREESTYLE NORTH AMERICAN CUP 2014 / RESULTS MO / Ladies' Moguls
2014FS8082FRL.pdf,NAC\2013-14\FIS2014_NAC_ValStCome_8082_M_MO_FRL.pdf,ok,M MO,M,MO,33563,7449,FIS FREESTYLE NORTH AMERICAN CUP 2014 / RESULTS MO / Men's Moguls
2014FS8083FRL.pdf,NAC\2013-14\FIS2014_NAC_ValStCome_8083_W_DM_FRL.pdf,ok,W DM,W,DM,33563,7450,FIS FREESTYLE NORTH AMERICAN CUP 2014 / RESULTS DM / Ladies' Dual Moguls Final
2014FS8084FRL.pdf,NAC\2013-14\FIS2014_NAC_ValStCome_8084_M_DM_FRL.pdf,ok,M DM,M,DM,33563,7451,FIS FREESTYLE NORTH AMERICAN CUP 2014 / RESULTS DM / Men's Dual Moguls Final
2014FS8090FRL.pdf,NAC\2013-14\FIS2014_NAC_ApexMountain_8090_M_MO_FRL.pdf,ok,M MO,M,MO,33562,7445,FIS FREESTYLE NORTH AMERICAN CUP 2014 / RESULTS MO / Men's Moguls
2014FS8092FRL.pdf,NAC\2013-14\FIS2014_NAC_ApexMountain_8092_M_DM_FRL.pdf,ok,M DM,M,DM,33562,7447,FIS FREESTYLE NORTH AMERICAN CUP 2014 / RESULTS DM / Men's Dual Moguls Final
2014FS8171FRL.pdf,WJC\2013-14\FIS2014_WJC_ChiesaInValmalenco_8171_W_MO_FRL.pdf,ok,W MO,W,MO,34318,7571,FIS FREESTYLE JUNIOR WORLD CHAMPIONSHIPS 2014 / PHASE RESULTS MO / Ladies' Moguls Final
2014FS8171QRL.pdf,WJC\2013-14\FIS2014_WJC_ChiesaInValmalenco_8171_W_MO_QRL.pdf,ok,W MO,W,MO,34318,7571,FIS FREESTYLE JUNIOR WORLD CHAMPIONSHIPS 2014 / RESULTS MO / Ladies' Moguls Qualification
2014FS8172FRL.pdf,WJC\2013-14\FIS2014_WJC_ChiesaInValmalenco_8172_M_MO_FRL.pdf,ok,M MO,M,MO,34318,7572,FIS FREESTYLE JUNIOR WORLD CHAMPIONSHIPS 2014 / PHASE RESULTS MO / Men's Moguls Final
2014FS8172QRL.pdf,WJC\2013-14\FIS2014_WJC_ChiesaInValmalenco_8172_M_MO_QRL.pdf,ok,M MO,M,MO,34318,7572,FIS FREESTYLE JUNIOR WORLD CHAMPIONSHIPS 2014 / RESULTS MO / Men's Moguls Qualification
2014FS8173DML.pdf,WJC\2013-14\FIS2014_WJC_ChiesaInValmalenco_8173_W_DM_DML.pdf,ok,W DM,W,DM,34318,7573,FIS FREESTYLE JUNIOR WORLD CHAMPIONSHIPS 2014 / RESULTS BRACKET / DM
2014FS8173FRL.pdf,WJC\2013-14\FIS2014_WJC_ChiesaInValmalenco_8173_W_DM_FRL.pdf,ok,W DM,W,DM,34318,7573,FIS FREESTYLE JUNIOR WORLD CHAMPIONSHIPS 2014 / RESULTS DM / Ladies' Dual Moguls
2014FS8173QRL.pdf,WJC\2013-14\FIS2014_WJC_ChiesaInValmalenco_8173_W_DM_QRL.pdf,ok,W DM,W,DM,34318,7573,FIS FREESTYLE JUNIOR WORLD CHAMPIONSHIPS 2014 / RESULTS DM / Ladies' Dual Moguls Qualification
2014FS8174DML.pdf,WJC\2013-14\FIS2014_WJC_ChiesaInValmalenco_8174_M_DM_DML.pdf,ok,M DM,M,DM,34318,7574,FIS FREESTYLE JUNIOR WORLD CHAMPIONSHIPS 2014 / RESULTS BRACKET / DM
2014FS8174FRL.pdf,WJC\2013-14\FIS2014_WJC_ChiesaInValmalenco_8174_M_DM_FRL.pdf,ok,M DM,M,DM,34318,7574,FIS FREESTYLE JUNIOR WORLD CHAMPIONSHIPS 2014 / RESULTS DM / Men's Dual Moguls
2014FS8174QRL.pdf,WJC\2013-14\FIS2014_WJC_ChiesaInValmalenco_8174_M_DM_QRL.pdf,ok,M DM,M,DM,34318,7574,FIS FREESTYLE JUNIOR WORLD CHAMPIONSHIPS 2014 / RESULTS DM / Men's Dual Moguls Qualification
2014FS8364FRL.pdf,NAC\2013-14\FIS2014_NAC_StrattonMountain_8364_W_MO_FRL.pdf,ok,W MO,W,MO,33500,7418,FIS FREESTYLE NORTH AMERICAN CUP 2014 / RESULTS MO / Ladies' Moguls
2014FS8365FRL.pdf,NAC\2013-14\FIS2014_NAC_StrattonMountain_8365_M_MO_FRL.pdf,ok,M MO,M,MO,33500,7419,FIS FREESTYLE NORTH AMERICAN CUP 2014 / RESULTS MO / Men's Moguls
2014FS8366FRL.pdf,NAC\2013-14\FIS2014_NAC_StrattonMountain_8366_W_DM_FRL.pdf,ok,W DM,W,DM,33500,7420,FIS FREESTYLE NORTH AMERICAN CUP 2014 / RESULTS DM / Ladies' Dual Moguls Final
2014FS8367FRL.pdf,NAC\2013-14\FIS2014_NAC_StrattonMountain_8367_M_DM_FRL.pdf,ok,M DM,M,DM,33500,7421,FIS FREESTYLE NORTH AMERICAN CUP 2014 / RESULTS DM / Men's Dual Moguls Final
2014FS8374FRL.pdf,NAC\2013-14\FIS2014_NAC_Vail_8374_M_MO_FRL.pdf,ok,M MO,M,MO,33502,7427,FIS FREESTYLE NORTH AMERICAN CUP 2014 / RESULTS MO / Men's Moguls
2014FS8378FRL.pdf,NAC\2013-14\FIS2014_NAC_Vail_8378_M_DM_FRL.pdf,ok,M DM,M,DM,33502,7429,FIS FREESTYLE NORTH AMERICAN CUP 2014 / RESULTS DM / Men's Dual Moguls Final
2015FS8005FRL.pdf,ANC\2014-15\FIS2015_ANC_Perisher_8005_W_MO_FRL.pdf,ok,W MO,W,MO,34941,8020,Canon Australian Mogul Championships - Event 1 / Final Results - Women / Officials Technical specifications 19/08/2014
2015FS8005QRL.pdf,ANC\2014-15\FIS2015_ANC_Perisher_8005_W_MO_QRL.pdf,ok,W MO,W,MO,34941,8020,Canon Australian Mogul Championships - Event 1 / Qualification Run 1 - Women / Officials Technical specifications 19/08/2014
2015FS8006FRL.pdf,ANC\2014-15\FIS2015_ANC_Perisher_8006_M_MO_FRL.pdf,ok,M MO,M,MO,34941,8021,Canon Australian Mogul Championships / Qualification Run 1 - Men / Officials Technical specifications 19/08/2014
2015FS8007FRL.pdf,ANC\2014-15\FIS2015_ANC_Perisher_8007_W_MO_FRL.pdf,ok,W MO,W,MO,34941,8022,Canon Australian Mogul Championships - Event 2 / Final Results - Women / Officials Technical specifications 20/08/2014
2015FS8007QRL.pdf,ANC\2014-15\FIS2015_ANC_Perisher_8007_W_MO_QRL.pdf,ok,W MO,W,MO,34941,8022,Canon Australian Mogul Championships - Event 2 / Qualification Run 1 - Women / Officials Technical specifications 20/08/2014
2015FS8008FRL.pdf,ANC\2014-15\FIS2015_ANC_Perisher_8008_M_MO_FRL.pdf,ok,M MO,M,MO,34941,8023,Canon Australian Mogul Championships - Event 2 / Qualification Run 1 - Men / Officials Technical specifications 20/08/2014
2015FS8040FRL.pdf,UVS\2014-15\FIS2015_UVS_SierraNevada_8040_W_MO_FRL.pdf,ok,W MO,W,MO,35103,8035,Visera Slope Freestyle Skiing / Ladies' Moguls / Final
2015FS8041FRL.pdf,UVS\2014-15\FIS2015_UVS_SierraNevada_8041_M_MO_FRL.pdf,ok,M MO,M,MO,35103,8036,Visera Slope Freestyle Skiing / Men's Moguls / Final
2015FS8107F1RL.pdf,NAC\2014-15\FIS2015_NAC_ApexMountain_8107_W_MO_F1RL.pdf,ok,W MO,W,MO,36688,8251,2015 FIS FREESTYLE NORTH AMERICAN CUP / RESULTS MO / Ladies' Moguls Final 1
2015FS8107FRL.pdf,NAC\2014-15\FIS2015_NAC_ApexMountain_8107_W_MO_FRL.pdf,ok,W MO,W,MO,36688,8251,2015 FIS FREESTYLE NORTH AMERICAN CUP / RESULTS MO / Ladies' Moguls Final 2
2015FS8107QRL.pdf,NAC\2014-15\FIS2015_NAC_ApexMountain_8107_W_MO_QRL.pdf,ok,W MO,W,MO,36688,8251,2015 FIS FREESTYLE NORTH AMERICAN CUP / RESULTS MO / Ladies' Moguls Qualification
2015FS8108F1RL.pdf,NAC\2014-15\FIS2015_NAC_ApexMountain_8108_M_MO_F1RL.pdf,ok,M MO,M,MO,36688,8252,2015 FIS FREESTYLE NORTH AMERICAN CUP / RESULTS MO / Men's Moguls Final 1
2015FS8108FRL.pdf,NAC\2014-15\FIS2015_NAC_ApexMountain_8108_M_MO_FRL.pdf,ok,M MO,M,MO,36688,8252,2015 FIS FREESTYLE NORTH AMERICAN CUP / RESULTS MO / Men's Moguls Final 2
2015FS8108QRL.pdf,NAC\2014-15\FIS2015_NAC_ApexMountain_8108_M_MO_QRL.pdf,ok,M MO,M,MO,36688,8252,2015 FIS FREESTYLE NORTH AMERICAN CUP / RESULTS MO / Men's Moguls Qualification
2015FS8293FRL.pdf,EC\2014-15\FIS2015_EC_Are_8293_M_MO_FRL.pdf,ok,M MO,M,,36668,8236,FSI EUROPA C UP / FnialResustl-Men / Offciaisl Techncialspecfciiaoitns Daet: 20150-31-5
2015FS8293QRL.pdf,EC\2014-15\FIS2015_EC_Are_8293_M_MO_QRL.pdf,ok,M MO,M,,36668,8236,FSI EUROPA C UP / QuafciilaoitnRun-Men / Offciaisl Techncialspecfciiaoitns Daet: 20150-31-5
2015FS8297DML.pdf,EC\2014-15\FIS2015_EC_Are_8297_M_DM_DML.pdf,ok,M DM,,,36668,8238,32ND-FINALS 16TH-FINALS 8TH-FINALS QUARTERFINALS SEMIFINALS-PLAC5-8 PLAC5-8 FINALS-SMALLFINALS / T1 T2 S A1 Overall Points / 0 T1 T2 S A1 Overall Points
2015FS8297FRL.pdf,EC\2014-15\FIS2015_EC_Are_8297_M_DM_FRL.pdf,ok,M DM,M,,36668,8238,FIS EUROPA CUP / FinalResults-Men'sDuals / Officials Technicalspecifications Date: 2015-03-16
2015FS8339F1RL.pdf,NAC\2014-15\FIS2015_NAC_DeerValley_8339_W_MO_F1RL.pdf,ok,W MO,W,MO,35278,8063,FIS FREESTYLE NORTH AMERICAN CUP 2015 / RESULTS MO / Ladies' Moguls Final 1
2015FS8339F2RL.pdf,NAC\2014-15\FIS2015_NAC_DeerValley_8339_W_MO_F2RL.pdf,ok,W MO,W,MO,35278,8063,FIS FREESTYLE NORTH AMERICAN CUP 2015 / RESULTS MO / Ladies' Moguls Final 2
2015FS8339FRL.pdf,NAC\2014-15\FIS2015_NAC_DeerValley_8339_W_MO_FRL.pdf,ok,W MO,W,MO,35278,8063,FIS FREESTYLE NORTH AMERICAN CUP 2015 / RESULTS MO / Ladies' Moguls
2015FS8339QRL.pdf,NAC\2014-15\FIS2015_NAC_DeerValley_8339_W_MO_QRL.pdf,ok,W MO,W,MO,35278,8063,FIS FREESTYLE NORTH AMERICAN CUP 2015 / RESULTS MO / Ladies' Moguls Qualification
2015FS8340F1RL.pdf,NAC\2014-15\FIS2015_NAC_DeerValley_8340_M_MO_F1RL.pdf,ok,M MO,M,MO,35278,8064,FIS FREESTYLE NORTH AMERICAN CUP 2015 / RESULTS MO / Men's Moguls Final 1
2015FS8340F2RL.pdf,NAC\2014-15\FIS2015_NAC_DeerValley_8340_M_MO_F2RL.pdf,ok,M MO,M,MO,35278,8064,FIS FREESTYLE NORTH AMERICAN CUP 2015 / RESULTS MO / Men's Moguls Final 2
2015FS8340FRL.pdf,NAC\2014-15\FIS2015_NAC_DeerValley_8340_M_MO_FRL.pdf,ok,M MO,M,MO,35278,8064,FIS FREESTYLE NORTH AMERICAN CUP 2015 / RESULTS MO / Men's Moguls
2015FS8340QRL.pdf,NAC\2014-15\FIS2015_NAC_DeerValley_8340_M_MO_QRL.pdf,ok,M MO,M,MO,35278,8064,FIS FREESTYLE NORTH AMERICAN CUP 2015 / RESULTS MO / Men's Moguls Qualification
2015FS8341FRL.pdf,NAC\2014-15\FIS2015_NAC_DeerValley_8341_W_DM_FRL.pdf,ok,W DM,W,DM,35278,8067,FIS FREESTYLE NORTH AMERICAN CUP 2015 / RESULTS DM / Ladies' Dual Moguls
2015FS8342FRL.pdf,NAC\2014-15\FIS2015_NAC_DeerValley_8342_M_DM_FRL.pdf,ok,M DM,M,DM,35278,8068,FIS FREESTYLE NORTH AMERICAN CUP 2015 / RESULTS DM / Men's Dual Moguls
2015FS8536F1RL.pdf,WJC\2014-15\FIS2015_WJC_ChiesaInValmalenco_8536_W_MO_F1RL.pdf,ok,W MO,W,MO,37049,8530,2015 FIS FREESTYLE JR WORLD SKI CHAMPIONSHIPS / RESULTS MO / Ladies' Moguls Final 1
2015FS8536F2RL.pdf,WJC\2014-15\FIS2015_WJC_ChiesaInValmalenco_8536_W_MO_F2RL.pdf,ok,W MO,W,MO,37049,8530,2015 FIS FREESTYLE JR WORLD SKI CHAMPIONSHIPS / RESULTS MO / Ladies' Moguls Final 2
2015FS8536FRL.pdf,WJC\2014-15\FIS2015_WJC_ChiesaInValmalenco_8536_W_MO_FRL.pdf,ok,W MO,W,MO,37049,8530,2015 FIS FREESTYLE JR WORLD SKI CHAMPIONSHIPS / RESULTS MO / Ladies' Moguls
2015FS8536QRL.pdf,WJC\2014-15\FIS2015_WJC_ChiesaInValmalenco_8536_W_MO_QRL.pdf,ok,W MO,W,MO,37049,8530,2015 FIS FREESTYLE JR WORLD SKI CHAMPIONSHIPS / RESULTS MO / Ladies' Moguls Qualification
2015FS8537F1RL.pdf,WJC\2014-15\FIS2015_WJC_ChiesaInValmalenco_8537_M_MO_F1RL.pdf,ok,M MO,M,MO,37049,8531,2015 FIS FREESTYLE JR WORLD SKI CHAMPIONSHIPS / RESULTS MO / Men's Moguls Final 1
2015FS8537F2RL.pdf,WJC\2014-15\FIS2015_WJC_ChiesaInValmalenco_8537_M_MO_F2RL.pdf,ok,M MO,M,MO,37049,8531,2015 FIS FREESTYLE JR WORLD SKI CHAMPIONSHIPS / RESULTS MO / Men's Moguls Final 2
2015FS8537FRL.pdf,WJC\2014-15\FIS2015_WJC_ChiesaInValmalenco_8537_M_MO_FRL.pdf,ok,M MO,M,MO,37049,8531,2015 FIS FREESTYLE JR WORLD SKI CHAMPIONSHIPS / RESULTS MO / Men's Moguls
2015FS8537QRL.pdf,WJC\2014-15\FIS2015_WJC_ChiesaInValmalenco_8537_M_MO_QRL.pdf,ok,M MO,M,MO,37049,8531,2015 FIS FREESTYLE JR WORLD SKI CHAMPIONSHIPS / RESULTS MO / Men's Moguls Qualification
2015FS8538DML.pdf,WJC\2014-15\FIS2015_WJC_ChiesaInValmalenco_8538_W_DM_DML.pdf,ok,W DM,W,DM,37049,8532,2015 FIS FREESTYLE JR WORLD SKI CHAMPIONSHIPS / RESULTS BRACKET / DM
2015FS8538FRL.pdf,WJC\2014-15\FIS2015_WJC_ChiesaInValmalenco_8538_W_DM_FRL.pdf,ok,W DM,W,DM,37049,8532,2015 FIS FREESTYLE JR WORLD SKI CHAMPIONSHIPS / RESULTS DM / Ladies' Dual Moguls
2015FS8538QRL.pdf,WJC\2014-15\FIS2015_WJC_ChiesaInValmalenco_8538_W_DM_QRL.pdf,ok,W DM,W,DM,37049,8532,2015 FIS FREESTYLE JR WORLD SKI CHAMPIONSHIPS / RESULTS DM / Ladies' Dual Moguls Qualification
2015FS8539DML.pdf,WJC\2014-15\FIS2015_WJC_ChiesaInValmalenco_8539_M_DM_DML.pdf,ok,M DM,M,DM,37049,8533,2015 FIS FREESTYLE JR WORLD SKI CHAMPIONSHIPS / RESULTS BRACKET / DM
2015FS8539FRL.pdf,WJC\2014-15\FIS2015_WJC_ChiesaInValmalenco_8539_M_DM_FRL.pdf,ok,M DM,M,DM,37049,8533,2015 FIS FREESTYLE JR WORLD SKI CHAMPIONSHIPS / RESULTS DM / Men's Dual Moguls
2015FS8539QRL.pdf,WJC\2014-15\FIS2015_WJC_ChiesaInValmalenco_8539_M_DM_QRL.pdf,ok,M DM,M,DM,37049,8533,2015 FIS FREESTYLE JR WORLD SKI CHAMPIONSHIPS / RESULTS DM / Men's Dual Moguls Qualification
2016FS8026FRL.pdf,ANC\2015-16\FIS2016_ANC_Perisher_8026_W_MO_FRL.pdf,ok,W MO,,,37333,8775,
2016FS8027FRL.pdf,ANC\2015-16\FIS2016_ANC_Perisher_8027_M_MO_FRL.pdf,ok,M MO,,,37333,8776,
2016FS8028FRL.pdf,ANC\2015-16\FIS2016_ANC_Perisher_8028_W_MO_FRL.pdf,ok,W MO,,,37333,8777,
2016FS8029FRL.pdf,ANC\2015-16\FIS2016_ANC_Perisher_8029_M_MO_FRL.pdf,ok,M MO,,,37333,8778,
2016FS8105F1RL.pdf,NAC\2015-16\FIS2016_NAC_ValStCome_8105_M_MO_F1RL.pdf,ok,M MO,M,MO,37882,9023,FIS FREESTYLE NORTH AMERICAN CUP 2016 / RESULTS MO / Men's Moguls Final 1
2016FS8105F2RL.pdf,NAC\2015-16\FIS2016_NAC_ValStCome_8105_M_MO_F2RL.pdf,ok,M MO,M,MO,37882,9023,FIS FREESTYLE NORTH AMERICAN CUP 2016 / RESULTS MO / Men's Moguls Final 2
2016FS8105FRL.pdf,NAC\2015-16\FIS2016_NAC_ValStCome_8105_M_MO_FRL.pdf,ok,M MO,M,MO,37882,9023,FIS FREESTYLE NORTH AMERICAN CUP 2016 / RESULTS MO / Men's Moguls
2016FS8105QRL.pdf,NAC\2015-16\FIS2016_NAC_ValStCome_8105_M_MO_QRL.pdf,ok,M MO,M,MO,37882,9023,FIS FREESTYLE NORTH AMERICAN CUP 2016 / RESULTS MO / Men's Moguls Qualification 1
2016FS8109FRL.pdf,NAC\2015-16\FIS2016_NAC_ValStCome_8109_M_DM_FRL.pdf,ok,M DM,M,DM,37882,9025,FIS FREESTYLE NORTH AMERICAN CUP 2016 / RESULTS DM / Men's Dual Moguls
2016FS8144FRL.pdf,EC\2015-16\FIS2016_EC_Jyvaskyla_8144_W_MO_FRL.pdf,ok,W MO,W,MO,37646,8935,FIS Europa Cup RESULTS / Jyväskylä Ladies / Final
2016FS8144QRL.pdf,EC\2015-16\FIS2016_EC_Jyvaskyla_8144_W_MO_QRL.pdf,ok,W MO,W,MO,37646,8935,FIS Europa Cup RESULTS / Jyväskylä Ladies / Qualification
2016FS8145FRL.pdf,EC\2015-16\FIS2016_EC_Jyvaskyla_8145_M_MO_FRL.pdf,ok,M MO,M,MO,37646,8936,FIS Europa Cup RESULTS / Jyväskylä Men / Final
2016FS8145QRL.pdf,EC\2015-16\FIS2016_EC_Jyvaskyla_8145_M_MO_QRL.pdf,ok,M MO,M,MO,37646,8936,FIS Europa Cup RESULTS / Jyväskylä Men / Qualification
2016FS8147FRL.pdf,EC\2015-16\FIS2016_EC_Jyvaskyla_8147_M_MO_FRL.pdf,ok,M MO,M,MO,37646,8938,FIS Europa Cup RESULTS / Jyväskylä Men / Final
2016FS8147QRL.pdf,EC\2015-16\FIS2016_EC_Jyvaskyla_8147_M_MO_QRL.pdf,ok,M MO,M,MO,37646,8938,FIS Europa Cup RESULTS / Jyväskylä Men / Qualification
2016FS8169FRL.pdf,EC\2015-16\FIS2016_EC_Albiez_8169_M_MO_FRL.pdf,ok,M MO,M,MO,37634,8892,FIS Freestyle Ski Europa Cup 2016 / Single Moguls Mens / Albiez
2016FS8169QRL.pdf,EC\2015-16\FIS2016_EC_Albiez_8169_M_MO_QRL.pdf,ok,M MO,M,MO,37634,8892,FIS Freestyle Ski Europa Cup 2016 / Single Moguls Mens / Albiez
2016FS8171FRL.pdf,EC\2015-16\FIS2016_EC_Albiez_8171_M_DM_FRL.pdf,ok,M DM,M,DM,37634,8894,FIS FREESTYLE SKI EUROPA CUP 2016 / RESULTS / DM
2016FS8171QRL.pdf,EC\2015-16\FIS2016_EC_Albiez_8171_M_DM_QRL.pdf,ok,M DM,M,DM,37634,8894,FIS Freestyle Ski Europa Cup 2016 / Dual Moguls / Albiez
2016FS8171SXL.pdf,EC\2015-16\FIS2016_EC_Albiez_8171_M_DM_SXL.pdf,ok,M DM,M,DM,37634,8894,FIS FREESTYLE SKI EUROPA CUP 2013 / DM / RESULTS BRACKET
2016FS8173FRL.pdf,EC\2015-16\FIS2016_EC_Albiez_8173_M_MO_FRL.pdf,ok,M MO,M,MO,37638,8908,FIS Moguls Europa Cup 2016 / 2nd EC ALBIEZ / Single
2016FS8173QRL.pdf,EC\2015-16\FIS2016_EC_Albiez_8173_M_MO_QRL.pdf,ok,M MO,M,MO,37638,8908,FIS Moguls Europa Cup 2016 / 2nd EC ALBIEZ / Single
2016FS8175DML.pdf,EC\2015-16\FIS2016_EC_Albiez_8175_M_DM_DML.pdf,ok,M DM,M,DM,37638,8910,FIS FREESTYLE SKI EUROPA CUP 2013 / DM / RESULTS BRACKET
2016FS8175FRL.pdf,EC\2015-16\FIS2016_EC_Albiez_8175_M_DM_FRL.pdf,ok,M DM,M,DM,37638,8910,FIS FREESTYLE SKI EUROPA CUP 2016 / RESULTS / DM
2016FS8175QRL.pdf,EC\2015-16\FIS2016_EC_Albiez_8175_M_DM_QRL.pdf,ok,M DM,M,DM,37638,8910,FIS Moguls Europa Cup 2016 / Dual Moguls / Le 29/01/16 à ALBIEZ MONTROND
2016FS8318FRL.pdf,EC\2015-16\FIS2016_EC_KrasnoeOzero_8318_M_MO_FRL.pdf,ok,M MO,M,MO,37644,8928,"FIS FREESTYLE SKI EUROPEAN CUP / KRASNOE OZERO, Korobitsyno, Leningrad region, RUS, 2 MAR 2016 start time 14:15 / MOGUL, MEN Codex Number; 8318"
2016FS8318QRL.pdf,EC\2015-16\FIS2016_EC_KrasnoeOzero_8318_M_MO_QRL.pdf,ok,M MO,M,MO,37644,8928,"FIS FREESTYLE SKI EUROPEAN CUP / KRASNOE OZERO, Korobitsyno, Leningrad region, RUS, 2 MAR 2016 start time 11:45 / MOGUL, MEN"
2016FS8320FRL.pdf,EC\2015-16\FIS2016_EC_KrasnoeOzero_8320_M_DM_FRL.pdf,ok,M DM,M,DM,37644,8930,"FIS FREESTYLE SKI EUROPEAN CUP / KRASNOE OZERO, Korobitsyno, Leningrad region, RUS, 3 MAR 2016 / Men's Dual Mogul Final"
2016FS8428F1RL.pdf,NAC\2015-16\FIS2016_NAC_ParkCity_8428_M_MO_F1RL.pdf,ok,M MO,M,MO,37885,9035,FIS FREESTYLE NORTH AMERICAN CUP 2016 / RESULTS MO / Men's Moguls Final 1
2016FS8428FRL.pdf,NAC\2015-16\FIS2016_NAC_ParkCity_8428_M_MO_FRL.pdf,ok,M MO,M,MO,37885,9035,FIS FREESTYLE NORTH AMERICAN CUP 2016 / RESULTS MO / Men's Moguls
2016FS8428QRL.pdf,NAC\2015-16\FIS2016_NAC_ParkCity_8428_M_MO_QRL.pdf,ok,M MO,M,MO,37885,9035,FIS FREESTYLE NORTH AMERICAN CUP 2016 / RESULTS MO / Men's Moguls Qualification
2016FS8430DML.pdf,NAC\2015-16\FIS2016_NAC_ParkCity_8430_M_DM_DML.pdf,ok,M DM,M,DM,37885,9037,FIS FREESTYLE NORTH AMERICAN CUP 2016 / DUAL MOGULS DRAW / DM
2016FS8430FRL.pdf,NAC\2015-16\FIS2016_NAC_ParkCity_8430_M_DM_FRL.pdf,ok,M DM,M,DM,37885,9037,FIS FREESTYLE NORTH AMERICAN CUP 2016 / RESULTS DM / Men's Dual Moguls
2016FS8435F1RL.pdf,NAC\2015-16\FIS2016_NAC_Killington_8435_W_MO_F1RL.pdf,ok,W MO,W,MO,37716,8990,FIS FREESTYLE NORTH AMERICAN CUP 2016 / RESULTS MO / Ladies' Moguls Final 1
2016FS8435F2RL.pdf,NAC\2015-16\FIS2016_NAC_Killington_8435_W_MO_F2RL.pdf,ok,W MO,W,MO,37716,8990,FIS FREESTYLE NORTH AMERICAN CUP 2016 / RESULTS MO / Ladies' Moguls Final 2
2016FS8435QRL.pdf,NAC\2015-16\FIS2016_NAC_Killington_8435_W_MO_QRL.pdf,ok,W MO,W,MO,37716,8990,FIS FREESTYLE NORTH AMERICAN CUP 2016 / RESULTS MO / Ladies' Moguls Qualification
2016FS8436F1RL.pdf,NAC\2015-16\FIS2016_NAC_Killington_8436_M_MO_F1RL.pdf,ok,M MO,M,MO,37716,8991,FIS FREESTYLE NORTH AMERICAN CUP 2016 / RESULTS MO / Men's Moguls Final 1
2016FS8436F2RL.pdf,NAC\2015-16\FIS2016_NAC_Killington_8436_M_MO_F2RL.pdf,ok,M MO,M,MO,37716,8991,FIS FREESTYLE NORTH AMERICAN CUP 2016 / RESULTS MO / Men's Moguls Final 2
2016FS8436QRL.pdf,NAC\2015-16\FIS2016_NAC_Killington_8436_M_MO_QRL.pdf,ok,M MO,M,MO,37716,8991,FIS FREESTYLE NORTH AMERICAN CUP 2016 / RESULTS MO / Men's Moguls Qualification 1
2016FS8437FRL.pdf,NAC\2015-16\FIS2016_NAC_Killington_8437_W_DM_FRL.pdf,ok,W DM,W,DM,37716,8992,FIS FREESTYLE NORTH AMERICAN CUP 2016 / RESULTS DM / Ladies' Dual Moguls
2016FS8438FRL.pdf,NAC\2015-16\FIS2016_NAC_Killington_8438_M_DM_FRL.pdf,ok,M DM,M,DM,37716,8993,FIS FREESTYLE NORTH AMERICAN CUP 2016 / RESULTS DM / Men's Dual Moguls
2016FS8467FRL.pdf,EC\2015-16\FIS2016_EC_DuvedAre_8467_W_MO_FRL.pdf,ok,W MO,W,,37648,8943,FISEuropaCup / FinalResults-Women / Officials Technicalspecifications Date: 2016-03-12
2016FS8467QRL.pdf,EC\2015-16\FIS2016_EC_DuvedAre_8467_W_MO_QRL.pdf,ok,W MO,W,,37648,8943,FISEuropaCup / QualificationRun-Women / Officials Technicalspecifications Date: 2016-03-12
2016FS8468FRL.pdf,EC\2015-16\FIS2016_EC_DuvedAre_8468_M_MO_FRL.pdf,ok,M MO,M,,37648,8944,FISEuropaCup / FinalResults-Men / Officials Technicalspecifications Date: 2016-03-12
2016FS8468QRL.pdf,EC\2015-16\FIS2016_EC_DuvedAre_8468_M_MO_QRL.pdf,ok,M MO,M,,37648,8944,FISEuropaCup / QualificationRun-Men / Officials Technicalspecifications Date: 2016-03-12
2016FS8469DML.pdf,EC\2015-16\FIS2016_EC_DuvedAre_8469_W_DM_DML.pdf,ok,W DM,,,37648,8945,ROUNDOF32 EIGHTFINAL QUARTERFINAL SEMIFINAL FINAL-SMALLFINAL / T1 T2 S A1 OverallPoints / 5 5 5 5 5 25
2016FS8469FRL.pdf,EC\2015-16\FIS2016_EC_DuvedAre_8469_W_DM_FRL.pdf,ok,W DM,W,,37648,8945,FIS EUROPACUP / FinalResults-Women'sDuals / Officials Technicalspecifications Date: 2016-03-13
2016FS8470DML.pdf,EC\2015-16\FIS2016_EC_DuvedAre_8470_M_DM_DML.pdf,ok,M DM,,,37648,8946,ROUNDOF64 ROUNDOF32 EIGHTFINAL QUARTERFINAL SEMIFINAL FINAL-SMALLFINAL / T1 T2 S A1 OverallPoints / 5 5 5 5 5 25 T1 T2 S A1 OverallPoints
2016FS8470FRL.pdf,EC\2015-16\FIS2016_EC_DuvedAre_8470_M_DM_FRL.pdf,GENDER_MISMATCH,M DM,W,,37648,8946,FISEUROPACUP / FinalResults-Women'sDuals / Officials Technicalspecifications Date: 2016-03-13
2016FS8599F1RL.pdf,WJC\2015-16\FIS2016_WJC_Are_8599_W_MO_F1RL.pdf,ok,W MO,W,MO,38890,9302,FISFREESTYLEJUNIORWORLDSKICHAMPIONSHIPS / RESULTS / Ladies'MogulsFinal1
2016FS8599F2RL.pdf,WJC\2015-16\FIS2016_WJC_Are_8599_W_MO_F2RL.pdf,ok,W MO,W,MO,38890,9302,FISFREESTYLEJUNIORWORLDSKICHAMPIONSHIPS / RESULTS / Ladies'MogulsFinal2
2016FS8599FRL.pdf,WJC\2015-16\FIS2016_WJC_Are_8599_W_MO_FRL.pdf,ok,W MO,W,MO,38890,9302,FISFREESTYLEJUNIORWORLDSKICHAMPIONSHIPS / RESULTS / Ladies'Moguls
2016FS8599QRL.pdf,WJC\2015-16\FIS2016_WJC_Are_8599_W_MO_QRL.pdf,ok,W MO,W,MO,38890,9302,FISFREESTYLEJUNIORWORLDSKICHAMPIONSHIPS / RESULTS / Ladies'MogulsQualification
2016FS8600F1RL.pdf,WJC\2015-16\FIS2016_WJC_Are_8600_M_MO_F1RL.pdf,ok,M MO,M,MO,38890,9303,FISFREESTYLEJUNIORWORLDSKICHAMPIONSHIPS / RESULTS / Men'sMogulsFinal1
2016FS8600F2RL.pdf,WJC\2015-16\FIS2016_WJC_Are_8600_M_MO_F2RL.pdf,ok,M MO,M,MO,38890,9303,FISFREESTYLEJUNIORWORLDSKICHAMPIONSHIPS / RESULTS / Men'sMogulsFinal2
2016FS8600FRL.pdf,WJC\2015-16\FIS2016_WJC_Are_8600_M_MO_FRL.pdf,ok,M MO,M,MO,38890,9303,FISFREESTYLEJUNIORWORLDSKICHAMPIONSHIPS / RESULTS / Men´sMoguls
2016FS8600QRL.pdf,WJC\2015-16\FIS2016_WJC_Are_8600_M_MO_QRL.pdf,ok,M MO,M,MO,38890,9303,FISFREESTYLEJUNIORWORLDSKICHAMPIONSHIPS / RESULTS / Men´sMogulsQualification
2016FS8601DML.pdf,WJC\2015-16\FIS2016_WJC_Are_8601_W_DM_DML.pdf,ok,W DM,,,38890,9304,Rank ROUNDOF64 ROUNDOF32 EIGHTFINAL QUARTERFINAL SEMIFINAL FINAL-SMALLFINAL / H T1 T2 A S OverallPoints / 1 5 5 5 5 5 25 H T1 T2 A S OverallPoints
2016FS8601FRL.pdf,WJC\2015-16\FIS2016_WJC_Are_8601_W_DM_FRL.pdf,ok,W DM,,,38890,9304,FSI FREESTYLE JUNOI RW ORLD SKIC H A MPOI NSH PI S / RESULTS / Ladeis'Duasl
2016FS8602DML.pdf,WJC\2015-16\FIS2016_WJC_Are_8602_M_DM_DML.pdf,ok,M DM,,,38890,9305,Rank ROUNDOF64 ROUNDOF32 EIGHTFINAL QUARTERFINAL SEMIFINAL FINAL-SMALLFINAL / HT1 T2 A S OverallPoints / 33 5 5 5 5 5 25 HT1 T2 A S OverallPoints
2016FS8602FRL.pdf,WJC\2015-16\FIS2016_WJC_Are_8602_M_DM_FRL.pdf,ok,M DM,M,,38890,9305,FSI FREESTYLE JUNOI RW ORLD SKIC H A MPOI NSH PI S / RESULTS / Mens' Duasl
2017FS8018RLF.pdf,ANC\2016-17\FIS2017_ANC_Perisher_8018_W_MO_RLF.pdf,ok,,W,MO,39074,9475,"Subaru National Freestyle Championship / Perisher, Australia / Aug 30, 2016 (Tue) (F0000) (8018)"
2017FS8019RLF.pdf,ANC\2016-17\FIS2017_ANC_Perisher_8019_M_MO_RLF.pdf,ok,,M,MO,39074,9476,"Subaru National Freestyle Championship / Perisher, Australia / Aug 30, 2016 (Tue) (M0000) (8019)"
2017FS8125RBLF.pdf,EC\2016-17\FIS2017_EC_PratoLeventino_8125_M_DM_RBLF.pdf,ok,M DM,M,DM,39390,9704,FIS FREESTYLE EUROPA CUP 2017 / DM / RESULTS BRACKET
2017FS8125RLF1.pdf,EC\2016-17\FIS2017_EC_PratoLeventino_8125_M_DM_RLF1.pdf,ok,M DM,M,DM,39390,9704,FIS FREESTYLE EUROPA CUP 2017 / RESULTS / DM
2017FS8125RLQ.pdf,EC\2016-17\FIS2017_EC_PratoLeventino_8125_M_DM_RLQ.pdf,ok,M DM,M,DM,39390,9704,FIS FREESTYLE EUROPA CUP 2017 / RESULTS / DM
2017FS8127RBLF.pdf,EC\2016-17\FIS2017_EC_PratoLeventino_8127_M_DM_RBLF.pdf,ok,M DM,M,DM,39390,9706,FIS FREESTYLE EUROPA CUP 2017 / DM / RESULTS BRACKET 1/2
2017FS8127RLF1.pdf,EC\2016-17\FIS2017_EC_PratoLeventino_8127_M_DM_RLF1.pdf,ok,M DM,M,DM,39390,9706,FIS FREESTYLE EUROPA CUP 2017 / RESULTS / DM
2017FS8219RLF1.pdf,NAC\2016-17\FIS2017_NAC_ValStCome_8219_M_MO_RLF1.pdf,ok,M MO,M,MO,40146,9864,FIS FREESTYLE NORTH AMERICAN CUP 2017 / RESULTS FINAL 1 / MO
2017FS8219RLF2.pdf,NAC\2016-17\FIS2017_NAC_ValStCome_8219_M_MO_RLF2.pdf,ok,M MO,M,MO,40146,9864,FIS FREESTYLE NORTH AMERICAN CUP 2017 / RESULTS FINAL 2 / MO
2017FS8219RLQ.pdf,NAC\2016-17\FIS2017_NAC_ValStCome_8219_M_MO_RLQ.pdf,ok,M MO,M,MO,40146,9864,FIS FREESTYLE NORTH AMERICAN CUP 2017 / QUALIFICATION RESULTS / MO
2017FS8221RLF.pdf,NAC\2016-17\FIS2017_NAC_ValStCome_8221_M_DM_RLF.pdf,ok,M DM,M,DM,40146,9866,FIS FREESTYLE NORTH AMERICAN CUP 2017 / RESULTS / DM
2017FS8290RLF.pdf,EC\2016-17\FIS2017_EC_Albiez_8290_M_MO_RLF.pdf,ok,M MO,M,MO,39384,9682,FIS Freestyle Ski Europa Cup / Moguls Albiez / 28/01/17
2017FS8292RBLF.pdf,EC\2016-17\FIS2017_EC_Albiez_8292_M_DM_RBLF.pdf,ok,M DM,M,DM,39384,9684,FIS FREESTYLE SKI EUROPA CUP 2017 / DM / RESULTS BRACKET
2017FS8292RLF.pdf,EC\2016-17\FIS2017_EC_Albiez_8292_M_DM_RLF.pdf,ok,M DM,M,DM,39384,9684,FIS FREESTYLE SKI EUROPA CUP 2017 / RESULTS / DM
2017FS8292RLQ.pdf,EC\2016-17\FIS2017_EC_Albiez_8292_M_DM_RLQ.pdf,ok,M DM,M,DM,39384,9684,FIS Freestyle Ski Europa Cup / Dual Moguls Albiez / 29/01/17
2017FS8337RLF.pdf,WJC\2016-17\FIS2017_WJC_ChiesaInValmalenco_8337_W_MO_RLF.pdf,ok,W MO,W,MO,39476,9749,FIS JUNIOR WORLD SKI CHAMPIONSHIPS / OVERALL RESULTS / MO
2017FS8337RLF1.pdf,WJC\2016-17\FIS2017_WJC_ChiesaInValmalenco_8337_W_MO_RLF1.pdf,ok,W MO,W,MO,39476,9749,FIS JUNIOR WORLD SKI CHAMPIONSHIPS / RESULTS FINAL 1 / MO
2017FS8337RLF2.pdf,WJC\2016-17\FIS2017_WJC_ChiesaInValmalenco_8337_W_MO_RLF2.pdf,ok,W MO,W,MO,39476,9749,FIS JUNIOR WORLD SKI CHAMPIONSHIPS / RESULTS FINAL 2 / MO
2017FS8337RLQ.pdf,WJC\2016-17\FIS2017_WJC_ChiesaInValmalenco_8337_W_MO_RLQ.pdf,ok,W MO,W,MO,39476,9749,FIS JUNIOR WORLD SKI CHAMPIONSHIPS / QUALIFICATION RESULTS / MO
2017FS8338RLF.pdf,WJC\2016-17\FIS2017_WJC_ChiesaInValmalenco_8338_M_MO_RLF.pdf,ok,M MO,M,MO,39476,9750,FIS JUNIOR WORLD SKI CHAMPIONSHIPS / OVERALL RESULTS / MO
2017FS8338RLF1.pdf,WJC\2016-17\FIS2017_WJC_ChiesaInValmalenco_8338_M_MO_RLF1.pdf,ok,M MO,M,MO,39476,9750,FIS JUNIOR WORLD SKI CHAMPIONSHIPS / RESULTS FINAL 1 / MO
2017FS8338RLF2.pdf,WJC\2016-17\FIS2017_WJC_ChiesaInValmalenco_8338_M_MO_RLF2.pdf,ok,M MO,M,MO,39476,9750,FIS JUNIOR WORLD SKI CHAMPIONSHIPS / RESULTS FINAL 2 / MO
2017FS8338RLQ.pdf,WJC\2016-17\FIS2017_WJC_ChiesaInValmalenco_8338_M_MO_RLQ.pdf,ok,M MO,M,MO,39476,9750,FIS JUNIOR WORLD SKI CHAMPIONSHIPS / QUALIFICATION RESULTS / MO
2017FS8339RBLF.pdf,WJC\2016-17\FIS2017_WJC_ChiesaInValmalenco_8339_W_DM_RBLF.pdf,ok,W DM,W,DM,39476,9751,FIS JUNIOR WORLD SKI CHAMPIONSHIPS / DM / RESULTS BRACKET
2017FS8339RBLQ.pdf,WJC\2016-17\FIS2017_WJC_ChiesaInValmalenco_8339_W_DM_RBLQ.pdf,ok,W DM,W,DM,39476,9751,FIS JUNIOR WORLD SKI CHAMPIONSHIPS / DM / RESULTS BRACKET
2017FS8339RLF.pdf,WJC\2016-17\FIS2017_WJC_ChiesaInValmalenco_8339_W_DM_RLF.pdf,ok,W DM,W,DM,39476,9751,FIS JUNIOR WORLD SKI CHAMPIONSHIPS / RESULTS / DM
2017FS8340RBLF.pdf,WJC\2016-17\FIS2017_WJC_ChiesaInValmalenco_8340_M_DM_RBLF.pdf,ok,M DM,M,DM,39476,9752,FIS JUNIOR WORLD SKI CHAMPIONSHIPS / DM / RESULTS BRACKET
2017FS8340RBLQ.pdf,WJC\2016-17\FIS2017_WJC_ChiesaInValmalenco_8340_M_DM_RBLQ.pdf,ok,M DM,M,DM,39476,9752,FIS JUNIOR WORLD SKI CHAMPIONSHIPS / DM / RESULTS BRACKET 1/2
2017FS8340RLF.pdf,WJC\2016-17\FIS2017_WJC_ChiesaInValmalenco_8340_M_DM_RLF.pdf,ok,M DM,M,DM,39476,9752,FIS JUNIOR WORLD SKI CHAMPIONSHIPS / RESULTS / DM
2017FS8396RLF.pdf,UVS\2016-17\FIS2017_UVS_Almaty_8396_W_MO_RLF.pdf,ok,W MO,W,MO,40095,9942,Shymbulak Ski Resort Freestyle Skiing / Ladies' Moguls / THU 2 FEB 2017
2017FS8396RLF1.pdf,UVS\2016-17\FIS2017_UVS_Almaty_8396_W_MO_RLF1.pdf,ok,W MO,W,MO,40095,9942,Shymbulak Ski Resort Freestyle Skiing / Ladies' Moguls / THU 2 FEB 2017 Final
2017FS8396RLQ.pdf,UVS\2016-17\FIS2017_UVS_Almaty_8396_W_MO_RLQ.pdf,ok,W MO,W,MO,40095,9942,Shymbulak Ski Resort Freestyle Skiing / Ladies' Moguls / THU 2 FEB 2017 Qualification
2017FS8397RLF.pdf,UVS\2016-17\FIS2017_UVS_Almaty_8397_M_MO_RLF.pdf,ok,M MO,M,MO,40095,9943,Shymbulak Ski Resort Freestyle Skiing / Men's Moguls / THU 2 FEB 2017
2017FS8397RLF1.pdf,UVS\2016-17\FIS2017_UVS_Almaty_8397_M_MO_RLF1.pdf,ok,M MO,M,MO,40095,9943,Shymbulak Ski Resort Freestyle Skiing / Men's Moguls / THU 2 FEB 2017 Final
2017FS8397RLQ.pdf,UVS\2016-17\FIS2017_UVS_Almaty_8397_M_MO_RLQ.pdf,ok,M MO,M,MO,40095,9943,Shymbulak Ski Resort Freestyle Skiing / Men's Moguls / THU 2 FEB 2017 Qualification
2017FS8398RBLF.pdf,UVS\2016-17\FIS2017_UVS_Almaty_8398_W_DM_RBLF.pdf,ok,W DM,W,DM,40095,9944,Shymbulak Ski Resort Freestyle Skiing / Ladies' Dual Moguls / FRI 3 FEB 2017 Finals
2017FS8398RLF.pdf,UVS\2016-17\FIS2017_UVS_Almaty_8398_W_DM_RLF.pdf,ok,W DM,W,DM,40095,9944,Shymbulak Ski Resort Freestyle Skiing / Ladies' Dual Moguls / FRI 3 FEB 2017
2017FS8398RLQ.pdf,UVS\2016-17\FIS2017_UVS_Almaty_8398_W_DM_RLQ.pdf,ok,W DM,W,DM,40095,9944,Shymbulak Ski Resort Freestyle Skiing / Ladies' Dual Moguls / FRI 3 FEB 2017 Qualification
2017FS8399RBLF.pdf,UVS\2016-17\FIS2017_UVS_Almaty_8399_M_DM_RBLF.pdf,ok,M DM,M,DM,40095,9945,Shymbulak Ski Resort Freestyle Skiing / Men's Dual Moguls / FRI 3 FEB 2017 Finals
2017FS8399RLF.pdf,UVS\2016-17\FIS2017_UVS_Almaty_8399_M_DM_RLF.pdf,ok,M DM,M,DM,40095,9945,Shymbulak Ski Resort Freestyle Skiing / Men's Dual Moguls / FRI 3 FEB 2017
2017FS8399RLQ.pdf,UVS\2016-17\FIS2017_UVS_Almaty_8399_M_DM_RLQ.pdf,ok,M DM,M,DM,40095,9945,Shymbulak Ski Resort Freestyle Skiing / Men's Dual Moguls / FRI 3 FEB 2017 Qualification
2017FS8506RLF1.pdf,NAC\2016-17\FIS2017_NAC_Northstar_8506_M_MO_RLF1.pdf,ok,M MO,M,MO,40628,10000,FIS FREESTYLE NORTH AMERICAN CUP 2017 / RESULTS FINAL 1 / MO
2017FS8506RLF2.pdf,NAC\2016-17\FIS2017_NAC_Northstar_8506_M_MO_RLF2.pdf,ok,M MO,M,MO,40628,10000,FIS FREESTYLE NORTH AMERICAN CUP 2017 / RESULTS FINAL 2 / MO
2017FS8506RLQ.pdf,NAC\2016-17\FIS2017_NAC_Northstar_8506_M_MO_RLQ.pdf,ok,M MO,M,MO,40628,10000,FIS FREESTYLE NORTH AMERICAN CUP 2017 / QUALIFICATION RESULTS / MO
2017FS8508RBLF.pdf,NAC\2016-17\FIS2017_NAC_Northstar_8508_M_DM_RBLF.pdf,ok,M DM,M,DM,40628,10002,FIS FREESTYLE NORTH AMERICAN CUP 2017 / DM / RESULTS BRACKET
2017FS8508RLF.pdf,NAC\2016-17\FIS2017_NAC_Northstar_8508_M_DM_RLF.pdf,ok,M DM,M,DM,40628,10002,FIS FREESTYLE NORTH AMERICAN CUP 2017 / RESULTS / DM
2017FS8516RLF1.pdf,NAC\2016-17\FIS2017_NAC_Killington_8516_M_MO_RLF1.pdf,ok,M MO,M,MO,40634,10008,FIS FREESTYLE NORTH AMERICAN CUP 2017 / RESULTS FINAL 1 / Men's Moguls
2017FS8516RLF2.pdf,NAC\2016-17\FIS2017_NAC_Killington_8516_M_MO_RLF2.pdf,ok,M MO,M,MO,40634,10008,FIS FREESTYLE NORTH AMERICAN CUP 2017 / RESULTS FINAL 2 / Men's Moguls
2017FS8516RLQ.pdf,NAC\2016-17\FIS2017_NAC_Killington_8516_M_MO_RLQ.pdf,ok,M MO,M,MO,40634,10008,FIS FREESTYLE NORTH AMERICAN CUP 2017 / QUALIFICATION RESULTS / MO
2017FS8518RBLF.pdf,NAC\2016-17\FIS2017_NAC_Killington_8518_M_DM_RBLF.pdf,ok,M DM,M,DM,40634,10010,FIS FREESTYLE NORTH AMERICAN CUP 2017 / DUAL MOGULS DRAW 2/2 / Men's Dual Moguls
2017FS8542RLF.pdf,EC\2016-17\FIS2017_EC_Gaissau_8542_M_MO_RLF.pdf,ok,M MO,M,MO,40702,10036,FIS FREESTYLE SKI EUROPA CUP 2017 / OVERALL RESULTS / MO
2017FS8542RLQ.pdf,EC\2016-17\FIS2017_EC_Gaissau_8542_M_MO_RLQ.pdf,ok,M MO,M,MO,40702,10036,FIS FREESTYLE SKI EUROPA CUP 2017 / QUALIFICATION RESULTS / MO
2017FS8544RLF.pdf,EC\2016-17\FIS2017_EC_Gaissau_8544_M_MO_RLF.pdf,ok,M MO,M,MO,40702,10038,FIS FREESTYLE EUROPACUP 2017 / OVERALL RESULTS / MO
2017FS8544RLQ.pdf,EC\2016-17\FIS2017_EC_Gaissau_8544_M_MO_RLQ.pdf,ok,M MO,M,MO,40702,10038,FIS FREESTYLE EUROPACUP 2017 / QUALIFICATION RESULTS / MO
2017FS8687RLF1.pdf,EC\2016-17\FIS2017_EC_PratoLeventino_8687_M_MO_RLF1.pdf,ok,M MO,M,MO,39390,10186,FIS FREESTYLE EUROPA CUP 2017 / RESULTS / MO
2017FS8687RLQ.pdf,EC\2016-17\FIS2017_EC_PratoLeventino_8687_M_MO_RLQ.pdf,ok,M MO,M,MO,39390,10186,FIS FREESTYLE EUROPA CUP 2017 / RESULTS / MO
2018FS8028RLF.pdf,ANC\2017-18\FIS2018_ANC_Perisher_8028_W_MO_RLF.pdf,ok,,W,MO,41189,10500,Australian National Mogul Championship 2018 / OVERALL RESULTS / MO
2018FS8029RLF.pdf,ANC\2017-18\FIS2018_ANC_Perisher_8029_M_MO_RLF.pdf,ok,,M,MO,41189,10501,Australian National Mogul Championship 2018 / OVERALL RESULTS / MO
2018FS8030RLF.pdf,ANC\2017-18\FIS2018_ANC_Perisher_8030_W_MO_RLF.pdf,ok,,W,MO,41189,10502,Australian National Mogul Championship 2017 / OVERALL RESULTS / MO
2018FS8031RLF.pdf,ANC\2017-18\FIS2018_ANC_Perisher_8031_M_MO_RLF.pdf,ok,,M,MO,41189,10503,Australian National Mogul Championship 2017 / OVERALL RESULTS / MO
2018FS8270RLF.pdf,WJC\2017-18\FIS2018_WJC_Duved_8270_W_MO_RLF.pdf,ok,W MO,W,MO,41276,10551,FIS JUNIOR WORLD CHAMPIONSHIPS / OVERALL RESULTS / MO
2018FS8270RLQ.pdf,WJC\2017-18\FIS2018_WJC_Duved_8270_W_MO_RLQ.pdf,ok,W MO,W,MO,41276,10551,FIS JUNIOR WORLD CHAMPIONSHIPS / QUALIFICATION RUN 1 RESULTS / MO
2018FS8271RLF.pdf,WJC\2017-18\FIS2018_WJC_Duved_8271_M_MO_RLF.pdf,ok,M MO,M,MO,41276,10552,FIS JUNIOR WORLD CHAMPIONSHIPS / OVERALL RESULTS / MO
2018FS8271RLQ.pdf,WJC\2017-18\FIS2018_WJC_Duved_8271_M_MO_RLQ.pdf,ok,M MO,M,MO,41276,10552,FIS JUNIOR WORLD CHAMPIONSHIPS / QUALIFICATION RUN 1 RESULTS / MO
2018FS8272RLF.pdf,WJC\2017-18\FIS2018_WJC_Duved_8272_W_DM_RLF.pdf,ok,W DM,W,DM,41276,10553,FISFREESTYLEJUNIORWORLDSKICHAMPIONSHIPS / RESULTS / Ladies'Duals
2018FS8273RLF.pdf,WJC\2017-18\FIS2018_WJC_Duved_8273_M_DM_RLF.pdf,DISC_MISMATCH,M DM,M,MO,41276,10554,FISFREESTYLEJUNIORWORLDSKICHAMPIONSHIPS / RESULTS / Men'sDuals
2018FS8425RLF.pdf,NAC\2017-18\FIS2018_NAC_Calgary_8425_W_MO_RLF.pdf,ok,W MO,W,MO,42533,10777,FIS FREESTYLE NORTH AMERICAN CUP 2018 / OVERALL RESULTS / MO
2018FS8425RLF1.pdf,NAC\2017-18\FIS2018_NAC_Calgary_8425_W_MO_RLF1.pdf,ok,W MO,W,MO,42533,10777,FIS FREESTYLE NORTH AMERICAN CUP 2018 / RESULTS FINAL 1 / MO
2018FS8425RLF2.pdf,NAC\2017-18\FIS2018_NAC_Calgary_8425_W_MO_RLF2.pdf,ok,W MO,W,MO,42533,10777,FIS FREESTYLE NORTH AMERICAN CUP 2018 / RESULTS FINAL 2 / MO
2018FS8425RLQ.pdf,NAC\2017-18\FIS2018_NAC_Calgary_8425_W_MO_RLQ.pdf,ok,W MO,W,MO,42533,10777,FIS FREESTYLE NORTH AMERICAN CUP 2018 / QUALIFICATION RUN 1 RESULTS / MO
2018FS8426RLF.pdf,NAC\2017-18\FIS2018_NAC_Calgary_8426_M_MO_RLF.pdf,ok,M MO,M,MO,42533,10778,FIS FREESTYLE NORTH AMERICAN CUP 2018 / OVERALL RESULTS / MO
2018FS8426RLF1.pdf,NAC\2017-18\FIS2018_NAC_Calgary_8426_M_MO_RLF1.pdf,ok,M MO,M,MO,42533,10778,FIS FREESTYLE NORTH AMERICAN CUP 2018 / RESULTS FINAL 1 / MO
2018FS8426RLF2.pdf,NAC\2017-18\FIS2018_NAC_Calgary_8426_M_MO_RLF2.pdf,ok,M MO,M,MO,42533,10778,FIS FREESTYLE NORTH AMERICAN CUP 2018 / RESULTS FINAL 2 / MO
2018FS8426RLQ.pdf,NAC\2017-18\FIS2018_NAC_Calgary_8426_M_MO_RLQ.pdf,ok,M MO,M,MO,42533,10778,FIS FREESTYLE NORTH AMERICAN CUP 2018 / QUALIFICATION RUN 1 RESULTS / MO
2018FS8429RBLF.pdf,NAC\2017-18\FIS2018_NAC_Calgary_8429_W_DM_RBLF.pdf,ok,W DM,W,DM,42533,10779,FIS FREESTYLE NORTH AMERICAN CUP 2018 / DM / RESULTS BRACKET 1/2
2018FS8429RLF.pdf,NAC\2017-18\FIS2018_NAC_Calgary_8429_W_DM_RLF.pdf,ok,W DM,W,DM,42533,10779,FIS FREESTYLE NORTH AMERICAN CUP 2018 / RESULTS / DM
2018FS8430RBLF.pdf,NAC\2017-18\FIS2018_NAC_Calgary_8430_M_DM_RBLF.pdf,ok,M DM,M,DM,42533,10780,FIS FREESTYLE NORTH AMERICAN CUP 2018 / DM / RESULTS BRACKET 1/2
2018FS8430RLF.pdf,NAC\2017-18\FIS2018_NAC_Calgary_8430_M_DM_RLF.pdf,ok,M DM,M,DM,42533,10780,FIS FREESTYLE NORTH AMERICAN CUP 2018 / RESULTS / DM
2018FS8465RLF.pdf,NAC\2017-18\FIS2018_NAC_ParkCity_8465_W_MO_RLF.pdf,ok,W MO,W,MO,42567,10823,FIS FREESTYLE NORTH AMERICAN CUP 2018 / OVERALL RESULTS / MO
2018FS8465RLF1.pdf,NAC\2017-18\FIS2018_NAC_ParkCity_8465_W_MO_RLF1.pdf,ok,W MO,W,MO,42567,10823,FIS FREESTYLE NORTH AMERICAN CUP 2018 / RESULTS FINAL 1 / MO
2018FS8465RLF2.pdf,NAC\2017-18\FIS2018_NAC_ParkCity_8465_W_MO_RLF2.pdf,ok,W MO,W,MO,42567,10823,FIS FREESTYLE NORTH AMERICAN CUP 2018 / RESULTS FINAL 2 / MO
2018FS8465RLQ1.pdf,NAC\2017-18\FIS2018_NAC_ParkCity_8465_W_MO_RLQ1.pdf,ok,W MO,W,MO,42567,10823,FIS FREESTYLE NORTH AMERICAN CUP 2018 / QUALIFICATION RUN 1 RESULTS / MO
2018FS8466RLF.pdf,NAC\2017-18\FIS2018_NAC_ParkCity_8466_M_MO_RLF.pdf,ok,M MO,M,MO,42567,10824,FIS FREESTYLE NORTH AMERICAN CUP 2018 / OVERALL RESULTS / MO
2018FS8466RLF1.pdf,NAC\2017-18\FIS2018_NAC_ParkCity_8466_M_MO_RLF1.pdf,ok,M MO,M,MO,42567,10824,FIS FREESTYLE NORTH AMERICAN CUP 2018 / RESULTS FINAL 1 / MO
2018FS8466RLF2.pdf,NAC\2017-18\FIS2018_NAC_ParkCity_8466_M_MO_RLF2.pdf,ok,M MO,M,MO,42567,10824,FIS FREESTYLE NORTH AMERICAN CUP 2018 / RESULTS FINAL 2 / MO
2018FS8466RLQ1.pdf,NAC\2017-18\FIS2018_NAC_ParkCity_8466_M_MO_RLQ1.pdf,ok,M MO,M,MO,42567,10824,FIS FREESTYLE NORTH AMERICAN CUP 2018 / QUALIFICATION RUN 1 RESULTS / MO
2018FS8559RLF1.pdf,NAC\2017-18\FIS2018_NAC_Killington_8559_W_MO_RLF1.pdf,ok,W MO,W,MO,42622,10907,FIS FREESTYLE NORTH AMERICAN CUP 2018 / RESULTS FINAL 1 / MO
2018FS8559RLF2.pdf,NAC\2017-18\FIS2018_NAC_Killington_8559_W_MO_RLF2.pdf,ok,W MO,W,MO,42622,10907,FIS FREESTYLE NORTH AMERICAN CUP 2018 / RESULTS FINAL 2 / MO
2018FS8559RLQ.pdf,NAC\2017-18\FIS2018_NAC_Killington_8559_W_MO_RLQ.pdf,ok,W MO,W,MO,42622,10907,FIS FREESTYLE NORTH AMERICAN CUP 2018 / QUALIFICATION RESULTS / MO
2018FS8560RLF1.pdf,NAC\2017-18\FIS2018_NAC_Killington_8560_M_MO_RLF1.pdf,ok,M MO,M,MO,42622,10908,FIS FREESTYLE NORTH AMERICAN CUP 2018 / RESULTS FINAL 1 / MO
2018FS8560RLF2.pdf,NAC\2017-18\FIS2018_NAC_Killington_8560_M_MO_RLF2.pdf,ok,M MO,M,MO,42622,10908,FIS FREESTYLE NORTH AMERICAN CUP 2018 / RESULTS FINAL 2 / MO
2018FS8560RLQ.pdf,NAC\2017-18\FIS2018_NAC_Killington_8560_M_MO_RLQ.pdf,ok,M MO,M,MO,42622,10908,FIS FREESTYLE NORTH AMERICAN CUP 2018 / QUALIFICATION RESULTS / MO
2018FS8561RLF.pdf,NAC\2017-18\FIS2018_NAC_Killington_8561_W_DM_RLF.pdf,ok,W DM,W,DM,42622,10909,FIS FREESTYLE NORTH AMERICAN CUP 2018 / RESULTS / DM
2018FS8562RLF.pdf,NAC\2017-18\FIS2018_NAC_Killington_8562_M_DM_RLF.pdf,ok,M DM,M,DM,42622,10910,FIS FREESTYLE NORTH AMERICAN CUP 2018 / RESULTS / DM
2019FS8006RLF.pdf,ANC\2018-19\FIS2019_ANC_Perisher_8006_W_MO_RLF.pdf,ok,,W,MO,43093,11433,AUSTRALIAN NATIONAL MOGUL CHAMPIONSHIPS / OVERALL RESULTS / MO
2019FS8007RLF.pdf,ANC\2018-19\FIS2019_ANC_Perisher_8007_M_MO_RLF.pdf,ok,,M,MO,43093,11434,AUSTRALIAN NATIONAL MOGUL CHAMPIONSHIPS / OVERALL RESULTS / MO
2019FS8008RLF.pdf,ANC\2018-19\FIS2019_ANC_Perisher_8008_W_MO_RLF.pdf,ok,,W,MO,43093,11435,AUSTRALIAN NATIONAL MOGUL CHAMPIONSHIPS / OVERALL RESULTS / MO
2019FS8009RLF.pdf,ANC\2018-19\FIS2019_ANC_Perisher_8009_M_MO_RLF.pdf,ok,,M,MO,43093,11436,AUSTRALIAN NATIONAL MOGUL CHAMPIONSHIPS / OVERALL RESULTS / MO
2019FS8449RLF.pdf,NAC\2018-19\FIS2019_NAC_ApexMountain_8449_W_MO_RLF.pdf,ok,W MO,W,MO,44567,11867,FIS FREESTYLE SKI 2019 / OVERALL RESULTS / MO
2019FS8450RLF.pdf,NAC\2018-19\FIS2019_NAC_ApexMountain_8450_M_MO_RLF.pdf,ok,M MO,M,MO,44567,11868,FIS FREESTYLE SKI 2019 - REVISED RESULTS / OVERALL RESULTS / MO
2019FS8451RLF.pdf,NAC\2018-19\FIS2019_NAC_ApexMountain_8451_W_DM_RLF.pdf,ok,W DM,W,DM,44567,11869,FIS FREESTYLE SKI 2019 / RESULTS / DM
2019FS8452RLF.pdf,NAC\2018-19\FIS2019_NAC_ApexMountain_8452_M_DM_RLF.pdf,ok,M DM,M,DM,44567,11870,FIS FREESTYLE SKI 2019 / RESULTS / DM
2019FS8567RLF.pdf,WJC\2018-19\FIS2019_WJC_ChiesaInValmalenco_8567_W_MO_RLF.pdf,ok,W MO,W,MO,44507,11734,JUNIOR WORLD CHAMPIONSHIPS 2019 / RESULTS FINAL 1 / MO
2019FS8567RLQ.pdf,WJC\2018-19\FIS2019_WJC_ChiesaInValmalenco_8567_W_MO_RLQ.pdf,ok,W MO,W,MO,44507,11734,JUNIOR WORLD CHAMPIONSHIPS 2019 / QUALIFICATION RUN 1 RESULTS / MO
2019FS8568RLF.pdf,WJC\2018-19\FIS2019_WJC_ChiesaInValmalenco_8568_M_MO_RLF.pdf,ok,M MO,M,MO,44507,11735,JUNIOR WORLD CHAMPIONSHIPS 2019 / RESULTS FINAL 1 / MO
2019FS8568RLQ.pdf,WJC\2018-19\FIS2019_WJC_ChiesaInValmalenco_8568_M_MO_RLQ.pdf,ok,M MO,M,MO,44507,11735,JUNIOR WORLD CHAMPIONSHIPS 2019 / QUALIFICATION RUN 1 RESULTS / MO
2019FS8569RBLQ.pdf,WJC\2018-19\FIS2019_WJC_ChiesaInValmalenco_8569_W_DM_RBLQ.pdf,ok,W DM,W,DM,44507,11736,JUNIOR WORLD CHAMPIONSHIPS 2019 / DM / QUALIFICATION RESULTS BRACKET
2019FS8569RLF.pdf,WJC\2018-19\FIS2019_WJC_ChiesaInValmalenco_8569_W_DM_RLF.pdf,ok,W DM,W,DM,44507,11736,JUNIOR WORLD CHAMPIONSHIPS 2019 / RESULTS / DM
2019FS8570RBLQ.pdf,WJC\2018-19\FIS2019_WJC_ChiesaInValmalenco_8570_M_DM_RBLQ.pdf,ok,M DM,M,DM,44507,11737,JUNIOR WORLD CHAMPIONSHIPS 2019 / DM / RESULTS BRACKET 1/2
2019FS8570RLF.pdf,WJC\2018-19\FIS2019_WJC_ChiesaInValmalenco_8570_M_DM_RLF.pdf,ok,M DM,M,DM,44507,11737,JUNIOR WORLD CHAMPIONSHIPS 2019 / RESULTS / DM
2019FS8680RLF.pdf,UVS\2018-19\FIS2019_UVS_Krasnoyarsk_8680_W_MO_RLF.pdf,ok,W MO,W,MO,44492,11714,Sopka Cluster Freestyle Skiing / Moguls Women / SAT 9 MAR 2019
2019FS8680RLF1.pdf,UVS\2018-19\FIS2019_UVS_Krasnoyarsk_8680_W_MO_RLF1.pdf,ok,W MO,W,MO,44492,11714,Sopka Cluster Freestyle Skiing / Moguls Women / SAT 9 MAR 2019
2019FS8680RLF2.pdf,UVS\2018-19\FIS2019_UVS_Krasnoyarsk_8680_W_MO_RLF2.pdf,ok,W MO,W,MO,44492,11714,Sopka Cluster Freestyle Skiing / Moguls Women / SAT 9 MAR 2019
2019FS8680RLQ.pdf,UVS\2018-19\FIS2019_UVS_Krasnoyarsk_8680_W_MO_RLQ.pdf,ok,W MO,W,MO,44492,11714,Sopka Cluster Freestyle Skiing / Moguls Women / SAT 9 MAR 2019
2019FS8681RLF.pdf,UVS\2018-19\FIS2019_UVS_Krasnoyarsk_8681_M_MO_RLF.pdf,ok,M MO,M,MO,44492,11715,Sopka Cluster Freestyle Skiing / Moguls Men / SAT 9 MAR 2019
2019FS8681RLF1.pdf,UVS\2018-19\FIS2019_UVS_Krasnoyarsk_8681_M_MO_RLF1.pdf,ok,M MO,M,MO,44492,11715,Sopka Cluster Freestyle Skiing / Moguls Men / SAT 9 MAR 2019
2019FS8681RLF2.pdf,UVS\2018-19\FIS2019_UVS_Krasnoyarsk_8681_M_MO_RLF2.pdf,ok,M MO,M,MO,44492,11715,Sopka Cluster Freestyle Skiing / Moguls Men / SAT 9 MAR 2019
2019FS8681RLQ.pdf,UVS\2018-19\FIS2019_UVS_Krasnoyarsk_8681_M_MO_RLQ.pdf,ok,M MO,M,MO,44492,11715,Sopka Cluster Freestyle Skiing / Moguls Men / SAT 9 MAR 2019
2019FS8682RBLF.pdf,UVS\2018-19\FIS2019_UVS_Krasnoyarsk_8682_W_DM_RBLF.pdf,ok,W DM,W,DM,44492,11716,Freestyle Skiing / Dual Moguls Women / Final
2019FS8682RLF.pdf,UVS\2018-19\FIS2019_UVS_Krasnoyarsk_8682_W_DM_RLF.pdf,ok,W DM,W,DM,44492,11716,Sopka Cluster Freestyle Skiing / Dual Moguls Women / SUN 10 MAR 2019
2019FS8682RLQ.pdf,UVS\2018-19\FIS2019_UVS_Krasnoyarsk_8682_W_DM_RLQ.pdf,ok,W DM,W,DM,44492,11716,Sopka Cluster Freestyle Skiing / Dual Moguls Women / SUN 10 MAR 2019
2019FS8683RBLF.pdf,UVS\2018-19\FIS2019_UVS_Krasnoyarsk_8683_M_DM_RBLF.pdf,ok,M DM,M,DM,44492,11717,Freestyle Skiing / Dual Moguls Men / Final
2019FS8683RLF.pdf,UVS\2018-19\FIS2019_UVS_Krasnoyarsk_8683_M_DM_RLF.pdf,ok,M DM,M,DM,44492,11717,Sopka Cluster Freestyle Skiing / Dual Moguls Men / SUN 10 MAR 2019
2019FS8683RLQ.pdf,UVS\2018-19\FIS2019_UVS_Krasnoyarsk_8683_M_DM_RLQ.pdf,ok,M DM,M,DM,44492,11717,Sopka Cluster Freestyle Skiing / Dual Moguls Men / SUN 10 MAR 2019
2019FS8819RLF.pdf,NAC\2018-19\FIS2019_NAC_Stratton_8819_M_MO_RLF.pdf,ok,M MO,M,MO,44571,11880,2019 FIS FREESTYLE NORAM CUP / RESULTS - OVERALL / MO
2019FS8822RLF.pdf,NAC\2018-19\FIS2019_NAC_Steamboat_8822_W_MO_RLF.pdf,ok,W MO,W,MO,43482,11590,2019 FIS FREESTYLE NORAM CUP / RESULTS - OVERALL / MO
2019FS8822RLF1.pdf,NAC\2018-19\FIS2019_NAC_Steamboat_8822_W_MO_RLF1.pdf,ok,W MO,W,MO,43482,11590,2019 FIS FREESTYLE NORAM CUP / RESULTS - FINAL 1 / MO
2019FS8822RLF2.pdf,NAC\2018-19\FIS2019_NAC_Steamboat_8822_W_MO_RLF2.pdf,ok,W MO,W,MO,43482,11590,2019 FIS FREESTYLE NORAM CUP / RESULTS - FINAL 2 / MO
2019FS8822RLQ1.pdf,NAC\2018-19\FIS2019_NAC_Steamboat_8822_W_MO_RLQ1.pdf,ok,W MO,W,MO,43482,11590,2019 FIS FREESTYLE NORAM CUP / RESULTS - QUALIFICATION 1 / MO
2019FS8823RLF.pdf,NAC\2018-19\FIS2019_NAC_Steamboat_8823_M_MO_RLF.pdf,ok,M MO,M,MO,43482,11591,2019 FIS FREESTYLE NORAM CUP / RESULTS - OVERALL / MO
2019FS8823RLF1.pdf,NAC\2018-19\FIS2019_NAC_Steamboat_8823_M_MO_RLF1.pdf,ok,M MO,M,MO,43482,11591,2019 FIS FREESTYLE NORAM CUP / RESULTS - FINAL 1 / MO
2019FS8823RLF2.pdf,NAC\2018-19\FIS2019_NAC_Steamboat_8823_M_MO_RLF2.pdf,ok,M MO,M,MO,43482,11591,2019 FIS FREESTYLE NORAM CUP / RESULTS - FINAL 2 / MO
2019FS8823RLQ1.pdf,NAC\2018-19\FIS2019_NAC_Steamboat_8823_M_MO_RLQ1.pdf,ok,M MO,M,MO,43482,11591,2019 FIS FREESTYLE NORAM CUP / RESULTS - QUALIFICATION 1 / MO
2019FS8824RBLF.pdf,NAC\2018-19\FIS2019_NAC_Steamboat_8824_W_DM_RBLF.pdf,ok,W DM,W,DM,43482,11592,2019 FIS FREESTYLE NORAM CUP / DM / RESULTS BRACKET
2019FS8824RLF.pdf,NAC\2018-19\FIS2019_NAC_Steamboat_8824_W_DM_RLF.pdf,ok,W DM,W,DM,43482,11592,2019 FIS FREESTYLE NORAM CUP / RESULTS / DM
2019FS8825RBLF.pdf,NAC\2018-19\FIS2019_NAC_Steamboat_8825_M_DM_RBLF.pdf,ok,M DM,M,DM,43482,11593,2019 FIS FREESTYLE NORAM CUP / DM / RESULTS BRACKET
2019FS8825RLF.pdf,NAC\2018-19\FIS2019_NAC_Steamboat_8825_M_DM_RLF.pdf,ok,M DM,M,DM,43482,11593,2019 FIS FREESTYLE NORAM CUP / RESULTS / DM
2020FS8022RLF.pdf,ANC\2019-20\FIS2020_ANC_Perisher_8022_W_MO_RLF.pdf,ok,,W,MO,44947,12335,2019 AUSTRALIAN NATIONAL MOGULS / OVERALL RESULTS / MO
2020FS8023RLF.pdf,ANC\2019-20\FIS2020_ANC_Perisher_8023_M_MO_RLF.pdf,ok,,M,MO,44947,12336,2019 AUSTRALIAN NATIONAL MOGULS / OVERALL RESULTS / MO
2020FS8044RLF.pdf,ANC\2019-20\FIS2020_ANC_Perisher_8044_W_MO_RLF.pdf,ok,,W,MO,44947,12483,2019 AUSTRALIAN NATIONAL MOGULS / OVERALL RESULTS / MO
2020FS8045RLF.pdf,ANC\2019-20\FIS2020_ANC_Perisher_8045_M_MO_RLF.pdf,ok,,M,MO,44947,12484,2019 AUSTRALIAN NATIONAL MOGULS / OVERALL RESULTS / MO
2021FS8606RLF.pdf,WJC\2020-21\FIS2021_WJC_Krasnoyarsk_8606_M_MO_RLF.pdf,ok,M MO,M,MO,48417,13768,FIS JUNIOR WORLD CHAMPS / Results Overall / MO
2021FS8606RLF1.pdf,WJC\2020-21\FIS2021_WJC_Krasnoyarsk_8606_M_MO_RLF1.pdf,ok,M MO,M,MO,48417,13768,FIS JUNIOR WORLD CHAMPS / Results Final 1 / MO
2021FS8606RLF2.pdf,WJC\2020-21\FIS2021_WJC_Krasnoyarsk_8606_M_MO_RLF2.pdf,ok,M MO,M,MO,48417,13768,FIS JUNIOR WORLD CHAMPS / Results Final 2 / MO
2021FS8606RLQ.pdf,WJC\2020-21\FIS2021_WJC_Krasnoyarsk_8606_M_MO_RLQ.pdf,ok,M MO,M,MO,48417,13768,FIS JUNIOR WORLD CHAMPS / Results Qualification / MO
2021FS8607RLF.pdf,WJC\2020-21\FIS2021_WJC_Krasnoyarsk_8607_W_MO_RLF.pdf,ok,W MO,W,MO,48417,13767,FIS JUNIOR WORLD CHAMPS / Results Overall / MO
2021FS8607RLF1.pdf,WJC\2020-21\FIS2021_WJC_Krasnoyarsk_8607_W_MO_RLF1.pdf,ok,W MO,W,MO,48417,13767,FIS JUNIOR WORLD CHAMPS / Results Final 1 / MO
2021FS8607RLF2.pdf,WJC\2020-21\FIS2021_WJC_Krasnoyarsk_8607_W_MO_RLF2.pdf,ok,W MO,W,MO,48417,13767,FIS JUNIOR WORLD CHAMPS / Results Final 2 / MO
2021FS8607RLQ.pdf,WJC\2020-21\FIS2021_WJC_Krasnoyarsk_8607_W_MO_RLQ.pdf,ok,W MO,W,MO,48417,13767,FIS JUNIOR WORLD CHAMPS / Results Qualification / MO
2021FS8612RBLF.pdf,WJC\2020-21\FIS2021_WJC_Krasnoyarsk_8612_M_DM_RBLF.pdf,ok,M DM,M,DM,48417,13770,FIS JUNIOR WORLD CHAMPS / DM / RESULTS BRACKET
2021FS8612RLF.pdf,WJC\2020-21\FIS2021_WJC_Krasnoyarsk_8612_M_DM_RLF.pdf,ok,M DM,M,DM,48417,13770,FIS JUNIOR WORLD CHAMPS / RESULTS / DM
2021FS8612RLQ.pdf,WJC\2020-21\FIS2021_WJC_Krasnoyarsk_8612_M_DM_RLQ.pdf,ok,M DM,M,DM,48417,13770,FIS JUNIOR WORLD CHAMPS / Results - Qualification / DM
2021FS8613RBLF.pdf,WJC\2020-21\FIS2021_WJC_Krasnoyarsk_8613_W_DM_RBLF.pdf,ok,W DM,W,DM,48417,13769,FIS JUNIOR WORLD CHAMPS / DM / RESULTS BRACKET
2021FS8613RLF.pdf,WJC\2020-21\FIS2021_WJC_Krasnoyarsk_8613_W_DM_RLF.pdf,ok,W DM,W,DM,48417,13769,FIS JUNIOR WORLD CHAMPS / RESULTS / DM
2021FS8613RLQ.pdf,WJC\2020-21\FIS2021_WJC_Krasnoyarsk_8613_W_DM_RLQ.pdf,ok,W DM,W,DM,48417,13769,FIS JUNIOR WORLD CHAMPS / Results - Qualification / DM
2022FS8296RLF.pdf,WJC\2021-22\FIS2022_WJC_ChiesaInValmalenco_8296_M_MO_RLF.pdf,ok,M MO,M,MO,49463,14368,FIS FREESTYLE SKI WORLD JUNIOR CHAMPIONSHIPS 2022 / Results Overall / MO
2022FS8296RLF1.pdf,WJC\2021-22\FIS2022_WJC_ChiesaInValmalenco_8296_M_MO_RLF1.pdf,ok,M MO,M,MO,49463,14368,FIS FREESTYLE SKI WORLD JUNIOR CHAMPIONSHIPS 2022 / Results Final 1 / MO
2022FS8296RLF2.pdf,WJC\2021-22\FIS2022_WJC_ChiesaInValmalenco_8296_M_MO_RLF2.pdf,ok,M MO,M,MO,49463,14368,FIS FREESTYLE SKI WORLD JUNIOR CHAMPIONSHIPS 2022 / Results Final 2 / MO
2022FS8296RLQ.pdf,WJC\2021-22\FIS2022_WJC_ChiesaInValmalenco_8296_M_MO_RLQ.pdf,ok,M MO,M,MO,49463,14368,FIS FREESTYLE SKI WORLD JUNIOR CHAMPIONSHIPS 2022 / Results Qualification / MO
2022FS8297RLF.pdf,WJC\2021-22\FIS2022_WJC_ChiesaInValmalenco_8297_W_MO_RLF.pdf,ok,W MO,W,MO,49463,14367,FIS FREESTYLE SKI WORLD JUNIOR CHAMPIONSHIPS 2022 / Results Overall / MO
2022FS8297RLF1.pdf,WJC\2021-22\FIS2022_WJC_ChiesaInValmalenco_8297_W_MO_RLF1.pdf,ok,W MO,W,MO,49463,14367,FIS FREESTYLE SKI WORLD JUNIOR CHAMPIONSHIPS 2022 / Results Final 1 / MO
2022FS8297RLF2.pdf,WJC\2021-22\FIS2022_WJC_ChiesaInValmalenco_8297_W_MO_RLF2.pdf,ok,W MO,W,MO,49463,14367,FIS FREESTYLE SKI WORLD JUNIOR CHAMPIONSHIPS 2022 / Results Final 2 / MO
2022FS8297RLQ.pdf,WJC\2021-22\FIS2022_WJC_ChiesaInValmalenco_8297_W_MO_RLQ.pdf,ok,W MO,W,MO,49463,14367,FIS FREESTYLE SKI WORLD JUNIOR CHAMPIONSHIPS 2022 / Results Qualification / MO
2022FS8301RBLF.pdf,WJC\2021-22\FIS2022_WJC_ChiesaInValmalenco_8301_M_DM_RBLF.pdf,ok,M DM,M,DM,49463,14373,FIS FREESTYLE SKI WORLD JUNIOR CHAMPIONSHIPS 2022 / DM / RESULTS BRACKET
2022FS8301RBLQ.pdf,WJC\2021-22\FIS2022_WJC_ChiesaInValmalenco_8301_M_DM_RBLQ.pdf,ok,M DM,M,DM,49463,14373,FIS FREESTYLE SKI WORLD JUNIOR CHAMPIONSHIPS 2022 / DM / QUALIFICATION RESULTS BRACKET
2022FS8301RLF.pdf,WJC\2021-22\FIS2022_WJC_ChiesaInValmalenco_8301_M_DM_RLF.pdf,ok,M DM,M,DM,49463,14373,FIS FREESTYLE SKI WORLD JUNIOR CHAMPIONSHIPS 2022 / RESULTS / DM
2022FS8302RBLF.pdf,WJC\2021-22\FIS2022_WJC_ChiesaInValmalenco_8302_W_DM_RBLF.pdf,ok,W DM,W,DM,49463,14372,FIS FREESTYLE SKI WORLD JUNIOR CHAMPIONSHIPS 2022 / DM / RESULTS BRACKET
2022FS8302RLF.pdf,WJC\2021-22\FIS2022_WJC_ChiesaInValmalenco_8302_W_DM_RLF.pdf,ok,W DM,W,DM,49463,14372,FIS FREESTYLE SKI WORLD JUNIOR CHAMPIONSHIPS 2022 / RESULTS / DM
2022FS8510RLF1.pdf,NAC\2021-22\FIS2022_NAC_DeerValley_8510_W_MO_RLF1.pdf,ok,W MO,W,MO,50744,14604,2022 FIS FREESTYLE NORAM CUP / Results - Final 1 / MO
2022FS8510RLF2.pdf,NAC\2021-22\FIS2022_NAC_DeerValley_8510_W_MO_RLF2.pdf,ok,W MO,W,MO,50744,14604,2022 FIS FREESTYLE NORAM CUP / Results - Final 2 / MO
2022FS8510RLQ.pdf,NAC\2021-22\FIS2022_NAC_DeerValley_8510_W_MO_RLQ.pdf,ok,W MO,W,MO,50744,14604,2022 FIS FREESTYLE NORAM CUP / Results - Qualification / MO
2022FS8512RLF.pdf,NAC\2021-22\FIS2022_NAC_DeerValley_8512_W_DM_RLF.pdf,ok,W DM,W,DM,50744,14606,FIS FREESTYLE SKI 2022 / RESULTS / DM
2022FS8526RLF.pdf,NAC\2021-22\FIS2022_NAC_Killington_8526_W_MO_RLF.pdf,ok,W MO,W,MO,50746,14616,FIS FREESTYLE NORAM CUP / OVERALL RESULTS / MO
2022FS8526RLF1.pdf,NAC\2021-22\FIS2022_NAC_Killington_8526_W_MO_RLF1.pdf,ok,W MO,W,MO,50746,14616,FIS FREESTYLE NORAM CUP / Results - Final 1 / MO
2022FS8526RLF2.pdf,NAC\2021-22\FIS2022_NAC_Killington_8526_W_MO_RLF2.pdf,ok,W MO,W,MO,50746,14616,FIS FREESTYLE NORAM CUP / Results - Final 2 / MO
2022FS8526RLQ.pdf,NAC\2021-22\FIS2022_NAC_Killington_8526_W_MO_RLQ.pdf,ok,W MO,W,MO,50746,14616,FIS FREESTYLE NORAM CUP / Results - Qualification / MO
2022FS8528RLF.pdf,NAC\2021-22\FIS2022_NAC_Killington_8528_W_DM_RLF.pdf,ok,W DM,W,DM,50746,14618,2022 FIS FREESTYLE NORAM CUP / RESULTS / DM
2022FS8644RLF1.pdf,NAC\2021-22\FIS2022_NAC_ApexMountain_8644_W_MO_RLF1.pdf,ok,W MO,,MO,50864,14729,"Apex NAC Moguls / Apex / Jan 29, 2022 (Sat) () (8644)"
2022FS8644RLF2.pdf,NAC\2021-22\FIS2022_NAC_ApexMountain_8644_W_MO_RLF2.pdf,ok,W MO,,MO,50864,14729,"Apex NAC Moguls / Apex / Jan 29, 2022 (Sat) () (8644)"
2022FS8644RLQ1.pdf,NAC\2021-22\FIS2022_NAC_ApexMountain_8644_W_MO_RLQ1.pdf,ok,W MO,,MO,50864,14729,"Apex NAC Moguls / Apex / Jan 29, 2022 (Sat) () (8644)"
2022FS8646RLF.pdf,NAC\2021-22\FIS2022_NAC_ApexMountain_8646_W_DM_RLF.pdf,ok,W DM,,DM,50864,14731,"Apex NAC Dual Moguls / Apex Mountain Resort / Jan 30, 2022 (Sun) (U8646) (8646)"
2022FS8648RLF1.pdf,NAC\2021-22\FIS2022_NAC_ValStCome_8648_W_MO_RLF1.pdf,ok,W MO,,MO,50865,14733,2022 VSC NoRam Moguls / VSC / 5 Févr 2022 (Sam) (U8648) (8648)
2022FS8648RLF2.pdf,NAC\2021-22\FIS2022_NAC_ValStCome_8648_W_MO_RLF2.pdf,ok,W MO,,MO,50865,14733,2022 VSC NoRam Moguls / VSC / 5 Févr 2022 (Sam) (8648) (8648)
2022FS8648RLQ.pdf,NAC\2021-22\FIS2022_NAC_ValStCome_8648_W_MO_RLQ.pdf,ok,W MO,,MO,50865,14733,2022 VSC NoRam Moguls / VSC / 5 Févr 2022 (Sam) (U8648) (8648)
2022FS8650RBLF.pdf,NAC\2021-22\FIS2022_NAC_ValStCome_8650_W_DM_RBLF.pdf,DISC_MISMATCH,W DM,,MO,50865,14735,2022 NORAM MOGUL / VSC / 6 Févr 2022 (Dim) (U8650) (U8649) (8650) (8649)
2023FS8344RLF.pdf,WJC\2022-23\FIS2023_WJC_ChiesaInValmalenco_8344_M_MO_RLF.pdf,ok,M MO,M,MO,53325,15446,FIS JUNIOR SKI WORLD CHAMPIONSHIPS 2023 / Results Overall / MO
2023FS8344RLF1.pdf,WJC\2022-23\FIS2023_WJC_ChiesaInValmalenco_8344_M_MO_RLF1.pdf,ok,M MO,M,MO,53325,15446,FIS JUNIOR SKI WORLD CHAMPIONSHIPS 2023 / Results Final 1 / MO
2023FS8344RLF2.pdf,WJC\2022-23\FIS2023_WJC_ChiesaInValmalenco_8344_M_MO_RLF2.pdf,ok,M MO,M,MO,53325,15446,FIS JUNIOR SKI WORLD CHAMPIONSHIPS 2023 / Results Final 2 / MO
2023FS8344RLQ.pdf,WJC\2022-23\FIS2023_WJC_ChiesaInValmalenco_8344_M_MO_RLQ.pdf,ok,M MO,M,MO,53325,15446,FIS JUNIOR SKI WORLD CHAMPIONSHIPS 2023 / Results Qualification / MO
2023FS8345RLF.pdf,WJC\2022-23\FIS2023_WJC_ChiesaInValmalenco_8345_W_MO_RLF.pdf,ok,W MO,W,MO,53325,15445,FIS JUNIOR SKI WORLD CHAMPIONSHIPS 2023 / Results Overall / MO
2023FS8345RLF1.pdf,WJC\2022-23\FIS2023_WJC_ChiesaInValmalenco_8345_W_MO_RLF1.pdf,ok,W MO,W,MO,53325,15445,FIS JUNIOR SKI WORLD CHAMPIONSHIPS 2023 / Results Final 1 / MO
2023FS8345RLF2.pdf,WJC\2022-23\FIS2023_WJC_ChiesaInValmalenco_8345_W_MO_RLF2.pdf,ok,W MO,W,MO,53325,15445,FIS JUNIOR SKI WORLD CHAMPIONSHIPS 2023 / Results Final 2 / MO
2023FS8345RLQ.pdf,WJC\2022-23\FIS2023_WJC_ChiesaInValmalenco_8345_W_MO_RLQ.pdf,ok,W MO,W,MO,53325,15445,FIS JUNIOR SKI WORLD CHAMPIONSHIPS 2023 / Results Qualification / MO
2023FS8350RBLF.pdf,WJC\2022-23\FIS2023_WJC_ChiesaInValmalenco_8350_M_DM_RBLF.pdf,ok,M DM,M,DM,53325,15452,FIS JUNIOR SKI WORLD CHAMPIONSHIPS 2023 / DM / RESULTS BRACKET
2023FS8350RBLQ.pdf,WJC\2022-23\FIS2023_WJC_ChiesaInValmalenco_8350_M_DM_RBLQ.pdf,ok,M DM,M,DM,53325,15452,FIS JUNIOR SKI WORLD CHAMPIONSHIPS 2023 / DM / QUALIFICATION RESULTS BRACKET
2023FS8350RLF.pdf,WJC\2022-23\FIS2023_WJC_ChiesaInValmalenco_8350_M_DM_RLF.pdf,ok,M DM,M,DM,53325,15452,FIS JUNIOR SKI WORLD CHAMPIONSHIPS 2023 / RESULTS / DM
2023FS8351RBLF.pdf,WJC\2022-23\FIS2023_WJC_ChiesaInValmalenco_8351_W_DM_RBLF.pdf,ok,W DM,W,DM,53325,15451,FIS JUNIOR SKI WORLD CHAMPIONSHIPS 2023 / DM / RESULTS BRACKET
2023FS8351RBLQ.pdf,WJC\2022-23\FIS2023_WJC_ChiesaInValmalenco_8351_W_DM_RBLQ.pdf,ok,W DM,W,DM,53325,15451,FIS JUNIOR SKI WORLD CHAMPIONSHIPS 2023 / DM / QUALIFICATION RESULTS BRACKET
2023FS8351RLF.pdf,WJC\2022-23\FIS2023_WJC_ChiesaInValmalenco_8351_W_DM_RLF.pdf,ok,W DM,W,DM,53325,15451,FIS JUNIOR SKI WORLD CHAMPIONSHIPS 2023 / RESULTS / DM
2023FS8584RLF.pdf,NAC\2022-23\FIS2023_NAC_ApexMountain_8584_M_MO_RLF.pdf,ok,M MO,M,MO,52866,15697,FIS FREESTYLE SKI NORAM CUP 2023 / OVERALL RESULTS / MO
2023FS8584RLF1.pdf,NAC\2022-23\FIS2023_NAC_ApexMountain_8584_M_MO_RLF1.pdf,ok,M MO,M,MO,52866,15697,FIS FREESTYLE SKI NORAM CUP 2023 / Results - Final 1 / MO
2023FS8584RLQ.pdf,NAC\2022-23\FIS2023_NAC_ApexMountain_8584_M_MO_RLQ.pdf,ok,M MO,M,MO,52866,15697,FIS FREESTYLE SKI NORAM CUP 2023 / Results - Qualification / MO
2023FS8585RLF.pdf,NAC\2022-23\FIS2023_NAC_ApexMountain_8585_W_MO_RLF.pdf,ok,W MO,W,MO,52866,15696,FIS FREESTYLE SKI NORAM CUP 2023 / OVERALL RESULTS / MO
2023FS8585RLF1.pdf,NAC\2022-23\FIS2023_NAC_ApexMountain_8585_W_MO_RLF1.pdf,ok,W MO,W,MO,52866,15696,FIS FREESTYLE SKI NORAM CUP 2023 / Results - Final 1 / MO
2023FS8585RLQ.pdf,NAC\2022-23\FIS2023_NAC_ApexMountain_8585_W_MO_RLQ.pdf,ok,W MO,W,MO,52866,15696,FIS FREESTYLE SKI NORAM CUP 2023 / Results - Qualification / MO
2023FS8586RLF.pdf,NAC\2022-23\FIS2023_NAC_ApexMountain_8586_M_DM_RLF.pdf,ok,M DM,M,DM,52866,15699,2023 FIS FREESTYLE NORAM CUP / RESULTS / DM
2023FS8587RLF.pdf,NAC\2022-23\FIS2023_NAC_ApexMountain_8587_W_DM_RLF.pdf,ok,W DM,W,DM,52866,15698,2023 FIS FREESTYLE NORAM CUP / RESULTS / DM
2024FS8014RLF.pdf,ANC\2023-24\FIS2024_ANC_Perisher_8014_M_MO_RLF.pdf,ok,,M,MO,53626,16298,Australian National Mogul Champaionships 2023 / OVERALL RESULTS / MO
2024FS8015RLF.pdf,ANC\2023-24\FIS2024_ANC_Perisher_8015_W_MO_RLF.pdf,ok,,W,MO,53626,16297,Australian National Mogul Champaionships 2023 / OVERALL RESULTS / MO
2024FS8016RLF.pdf,ANC\2023-24\FIS2024_ANC_Perisher_8016_M_MO_RLF.pdf,ok,,M,MO,53626,16300,Australian National Mogul Champaionships 2023 / OVERALL RESULTS / MO
2024FS8017RLF.pdf,ANC\2023-24\FIS2024_ANC_Perisher_8017_W_MO_RLF.pdf,ok,,W,MO,53626,16299,Australian National Mogul Champaionships 2023 / OVERALL RESULTS / MO
2024FS8212RLF.pdf,WJC\2023-24\FIS2024_WJC_ChiesaInValmalenco_8212_M_MO_RLF.pdf,ok,M MO,M,MO,53794,16382,2024 FIS FREESTYLE SKI WORLD JUNIOR CHAMPIONSHIPS / Results Overall / MO
2024FS8212RLF1.pdf,WJC\2023-24\FIS2024_WJC_ChiesaInValmalenco_8212_M_MO_RLF1.pdf,ok,M MO,M,MO,53794,16382,2024 FIS FREESTYLE SKI WORLD JUNIOR CHAMPIONSHIPS / Results Final 1 / MO
2024FS8212RLF2.pdf,WJC\2023-24\FIS2024_WJC_ChiesaInValmalenco_8212_M_MO_RLF2.pdf,ok,M MO,M,MO,53794,16382,2024 FIS FREESTYLE SKI WORLD JUNIOR CHAMPIONSHIPS / Results Final 2 / MO
2024FS8212RLQ.pdf,WJC\2023-24\FIS2024_WJC_ChiesaInValmalenco_8212_M_MO_RLQ.pdf,ok,M MO,M,MO,53794,16382,2024 FIS FREESTYLE SKI WORLD JUNIOR CHAMPIONSHIPS / Results Qualification / MO
2024FS8213RLF.pdf,WJC\2023-24\FIS2024_WJC_ChiesaInValmalenco_8213_W_MO_RLF.pdf,ok,W MO,W,MO,53794,16381,2024 FIS FREESTYLE SKI WORLD JUNIOR CHAMPIONSHIPS / Results Overall / MO
2024FS8213RLF1.pdf,WJC\2023-24\FIS2024_WJC_ChiesaInValmalenco_8213_W_MO_RLF1.pdf,ok,W MO,W,MO,53794,16381,2024 FIS FREESTYLE SKI WORLD JUNIOR CHAMPIONSHIPS / Results Final 1 / MO
2024FS8213RLF2.pdf,WJC\2023-24\FIS2024_WJC_ChiesaInValmalenco_8213_W_MO_RLF2.pdf,ok,W MO,W,MO,53794,16381,2024 FIS FREESTYLE SKI WORLD JUNIOR CHAMPIONSHIPS / Results Final 2 / MO
2024FS8213RLQ.pdf,WJC\2023-24\FIS2024_WJC_ChiesaInValmalenco_8213_W_MO_RLQ.pdf,ok,W MO,W,MO,53794,16381,2024 FIS FREESTYLE SKI WORLD JUNIOR CHAMPIONSHIPS / Results Qualification / MO
2024FS8218RBLF.pdf,WJC\2023-24\FIS2024_WJC_ChiesaInValmalenco_8218_W_DM_RBLF.pdf,ok,W DM,W,DM,53794,16387,2024 FIS FREESTYLE SKI WORLD JUNIOR CHAMPIONSHIPS / DM / RESULTS BRACKET
2024FS8218RBLQ.pdf,WJC\2023-24\FIS2024_WJC_ChiesaInValmalenco_8218_W_DM_RBLQ.pdf,ok,W DM,W,DM,53794,16387,2024 FIS FREESTYLE SKI WORLD JUNIOR CHAMPIONSHIPS / DM / QUALIFICATION RESULTS BRACKET
2024FS8218RLF.pdf,WJC\2023-24\FIS2024_WJC_ChiesaInValmalenco_8218_W_DM_RLF.pdf,ok,W DM,W,DM,53794,16387,2024 FIS FREESTYLE SKI WORLD JUNIOR CHAMPIONSHIPS / RESULTS / DM
2024FS8219RBLF.pdf,WJC\2023-24\FIS2024_WJC_ChiesaInValmalenco_8219_M_DM_RBLF.pdf,ok,M DM,M,DM,53794,16388,2024 FIS FREESTYLE SKI WORLD JUNIOR CHAMPIONSHIPS / DM / RESULTS BRACKET
2024FS8219RBLQ.pdf,WJC\2023-24\FIS2024_WJC_ChiesaInValmalenco_8219_M_DM_RBLQ.pdf,ok,M DM,M,DM,53794,16388,2024 FIS FREESTYLE SKI WORLD JUNIOR CHAMPIONSHIPS / DM / RESULTS BRACKET
2024FS8219RLF.pdf,WJC\2023-24\FIS2024_WJC_ChiesaInValmalenco_8219_M_DM_RLF.pdf,ok,M DM,M,DM,53794,16388,2024 FIS FREESTYLE SKI WORLD JUNIOR CHAMPIONSHIPS / RESULTS / DM
2025FS8018RLF.pdf,ANC\2024-25\FIS2025_ANC_Perisher_8018_M_MO_RLF.pdf,ok,M MO,,,55777,17382,"Number of Competitors: 28, Number of NATs: 5 / Time Air Turns / Rank Bib Co F d IS e Name N C A od T e YB Seconds Time J6 J7 Jump DD Total B D J1 J2 J3 J4 J5 Total Sc R o u r n e Tie"
2025FS8019RLF.pdf,ANC\2024-25\FIS2025_ANC_Perisher_8019_W_MO_RLF.pdf,ok,W MO,,,55777,17381,"Number of Competitors: 33, Number of NATs: 6 / Time Air Turns / Rank Bib Co F d IS e Name N C A od T e YB Seconds Time J6 J7 Jump DD Total B D J1 J2 J3 J4 J5 Total Sc R o u r n e Tie"
2025FS8020RLF.pdf,ANC\2024-25\FIS2025_ANC_Perisher_8020_M_MO_RLF.pdf,ok,M MO,,,55777,17384,"Number of Competitors: 28, Number of NATs: 5 / Time Air Turns / Rank Bib Co F d IS e Name N C A od T e YB Seconds Time J6 J7 Jump DD Total B D J1 J2 J3 J4 J5 Total Sc R o u r n e Tie"
2025FS8021RLF.pdf,ANC\2024-25\FIS2025_ANC_Perisher_8021_W_MO_RLF.pdf,ok,W MO,,,55777,17383,"Number of Competitors: 33, Number of NATs: 6 / Time Air Turns / Rank Bib Co F d IS e Name N C A od T e YB Seconds Time J6 J7 Jump DD Total B D J1 J2 J3 J4 J5 Total Sc R o u r n e Tie"
2025FS8431RLF.pdf,WJC\2024-25\FIS2025_WJC_Almaty_8431_M_MO_RLF.pdf,ok,M MO,M,MO,56250,17625,2025 FIS Freestyle Ski World Junior Championships / Results Overall / MO
2025FS8431RLF1.pdf,WJC\2024-25\FIS2025_WJC_Almaty_8431_M_MO_RLF1.pdf,ok,M MO,M,MO,56250,17625,2025 FIS Freestyle Ski World Junior Championships / Results Final 1 / MO
2025FS8431RLF2.pdf,WJC\2024-25\FIS2025_WJC_Almaty_8431_M_MO_RLF2.pdf,ok,M MO,M,MO,56250,17625,2025 FIS Freestyle Ski World Junior Championships / Results Final 2 / MO
2025FS8431RLQ.pdf,WJC\2024-25\FIS2025_WJC_Almaty_8431_M_MO_RLQ.pdf,ok,M MO,M,MO,56250,17625,2025 FIS Freestyle Ski World Junior Championships / Results Qualification / MO
2025FS8432RLF.pdf,WJC\2024-25\FIS2025_WJC_Almaty_8432_W_MO_RLF.pdf,ok,W MO,W,MO,56250,17624,2025 FIS Freestyle Ski World Junior Championships / Results Overall / MO
2025FS8432RLF1.pdf,WJC\2024-25\FIS2025_WJC_Almaty_8432_W_MO_RLF1.pdf,ok,W MO,W,MO,56250,17624,2025 FIS Freestyle Ski World Junior Championships / Results Final 1 / MO
2025FS8432RLF2.pdf,WJC\2024-25\FIS2025_WJC_Almaty_8432_W_MO_RLF2.pdf,ok,W MO,W,MO,56250,17624,2025 FIS Freestyle Ski World Junior Championships / Results Final 2 / MO
2025FS8432RLQ.pdf,WJC\2024-25\FIS2025_WJC_Almaty_8432_W_MO_RLQ.pdf,ok,W MO,W,MO,56250,17624,2025 FIS Freestyle Ski World Junior Championships / Results Qualification / MO
2025FS8433RBLQ.pdf,WJC\2024-25\FIS2025_WJC_Almaty_8433_M_DM_RBLQ.pdf,ok,M DM,M,DM,56250,17627,2025 FIS Freestyle Ski World Junior Championships / DM / RESULTS BRACKET
2025FS8433RLF.pdf,WJC\2024-25\FIS2025_WJC_Almaty_8433_M_DM_RLF.pdf,ok,M DM,M,DM,56250,17627,2025 FIS Freestyle Ski World Junior Championships / RESULTS / DM
2025FS8434RBLQ.pdf,WJC\2024-25\FIS2025_WJC_Almaty_8434_W_DM_RBLQ.pdf,ok,W DM,W,DM,56250,17626,2025 FIS Freestyle Ski World Junior Championships / DM / QUALIFICATION RESULTS BRACKET
2025FS8434RLF.pdf,WJC\2024-25\FIS2025_WJC_Almaty_8434_W_DM_RLF.pdf,ok,W DM,W,DM,56250,17626,2025 FIS Freestyle Ski World Junior Championships / RESULTS / DM
2025FS8493RLF.pdf,UVS\2024-25\FIS2025_UVS_TorinoBardonecchia_8493_M_MO_RLF.pdf,ok,M MO,M,MO,57151,17729,Bardonecchia – Campo Smith / Freestyle Skiing / Men's Moguls
2025FS8493RLF1.pdf,UVS\2024-25\FIS2025_UVS_TorinoBardonecchia_8493_M_MO_RLF1.pdf,ok,M MO,M,MO,57151,17729,Bardonecchia – Campo Smith / Freestyle Skiing / Men's Moguls
2025FS8493RLF2.pdf,UVS\2024-25\FIS2025_UVS_TorinoBardonecchia_8493_M_MO_RLF2.pdf,ok,M MO,M,MO,57151,17729,Bardonecchia – Campo Smith / Freestyle Skiing / Men's Moguls
2025FS8493RLQ.pdf,UVS\2024-25\FIS2025_UVS_TorinoBardonecchia_8493_M_MO_RLQ.pdf,ok,M MO,M,MO,57151,17729,Bardonecchia – Campo Smith / Freestyle Skiing / Men's Moguls
2025FS8494RLF.pdf,UVS\2024-25\FIS2025_UVS_TorinoBardonecchia_8494_W_MO_RLF.pdf,ok,W MO,W,MO,57151,17728,Bardonecchia – Campo Smith / Freestyle Skiing / Women's Moguls
2025FS8494RLF1.pdf,UVS\2024-25\FIS2025_UVS_TorinoBardonecchia_8494_W_MO_RLF1.pdf,ok,W MO,W,MO,57151,17728,Bardonecchia – Campo Smith / Freestyle Skiing / Women's Moguls
2025FS8494RLF2.pdf,UVS\2024-25\FIS2025_UVS_TorinoBardonecchia_8494_W_MO_RLF2.pdf,ok,W MO,W,MO,57151,17728,Bardonecchia – Campo Smith / Freestyle Skiing / Women's Moguls
2025FS8494RLQ.pdf,UVS\2024-25\FIS2025_UVS_TorinoBardonecchia_8494_W_MO_RLQ.pdf,ok,W MO,W,MO,57151,17728,Bardonecchia – Campo Smith / Freestyle Skiing / Women's Moguls
2025FS8495RLF.pdf,UVS\2024-25\FIS2025_UVS_TorinoBardonecchia_8495_M_DM_RLF.pdf,ok,M DM,M,DM,57151,17731,Bardonecchia – Campo Smith / Freestyle Skiing / Men's Dual Moguls
2025FS8496RLF.pdf,UVS\2024-25\FIS2025_UVS_TorinoBardonecchia_8496_W_DM_RLF.pdf,ok,W DM,W,DM,57151,17730,Bardonecchia – Campo Smith / Freestyle Skiing / Women's Dual Moguls
2026FS8026RLF.pdf,ANC\2025-26\FIS2026_ANC_Perisher_8026_M_MO_RLF.pdf,ok,M MO,M,MO,57882,18324,ANC Freestyle Moguls 2025 Evt 1 / OVERALL RESULTS / MO
2026FS8027RLF.pdf,ANC\2025-26\FIS2026_ANC_Perisher_8027_W_MO_RLF.pdf,ok,W MO,W,MO,57882,18323,ANC Freestyle Moguls 2025 Evt 1 / OVERALL RESULTS / MO
2026FS8029RLF.pdf,ANC\2025-26\FIS2026_ANC_Perisher_8029_W_MO_RLF.pdf,ok,W MO,W,MO,57882,18325,ANC Freestyle Moguls 2025 Evt 2 / OVERALL RESULTS / MO
2026FS8358RLF.pdf,WJC\2025-26\FIS2026_WJC_Airolo_8358_M_MO_RLF.pdf,ok,M MO,M,MO,58253,18669,FIS FREESTYLE SKI WORLD JUNIOR CHAMPIONSHIPS 2026 / Results Overall / MO
2026FS8358RLF1.pdf,WJC\2025-26\FIS2026_WJC_Airolo_8358_M_MO_RLF1.pdf,ok,M MO,M,MO,58253,18669,FIS FREESTYLE SKI WORLD JUNIOR CHAMPIONSHIPS 2026 / Results Final 1 / MO
2026FS8358RLF2.pdf,WJC\2025-26\FIS2026_WJC_Airolo_8358_M_MO_RLF2.pdf,ok,M MO,M,MO,58253,18669,FIS FREESTYLE SKI WORLD JUNIOR CHAMPIONSHIPS 2026 / Results Final 2 / MO
2026FS8358RLQ.pdf,WJC\2025-26\FIS2026_WJC_Airolo_8358_M_MO_RLQ.pdf,ok,M MO,M,MO,58253,18669,FIS FREESTYLE SKI WORLD JUNIOR CHAMPIONSHIPS 2026 / Results Qualification / MO
2026FS8359RLF.pdf,WJC\2025-26\FIS2026_WJC_Airolo_8359_W_MO_RLF.pdf,ok,W MO,W,MO,58253,18668,FIS FREESTYLE SKI WORLD JUNIOR CHAMPIONSHIPS 2026 / Results Overall / MO
2026FS8359RLF1.pdf,WJC\2025-26\FIS2026_WJC_Airolo_8359_W_MO_RLF1.pdf,ok,W MO,W,MO,58253,18668,FIS FREESTYLE SKI WORLD JUNIOR CHAMPIONSHIPS 2026 / Results Final 1 / MO
2026FS8359RLF2.pdf,WJC\2025-26\FIS2026_WJC_Airolo_8359_W_MO_RLF2.pdf,ok,W MO,W,MO,58253,18668,FIS FREESTYLE SKI WORLD JUNIOR CHAMPIONSHIPS 2026 / Results Final 2 / MO
2026FS8359RLQ.pdf,WJC\2025-26\FIS2026_WJC_Airolo_8359_W_MO_RLQ.pdf,ok,W MO,W,MO,58253,18668,FIS FREESTYLE SKI WORLD JUNIOR CHAMPIONSHIPS 2026 / Results Qualification / MO
2026FS8364RBLF.pdf,WJC\2025-26\FIS2026_WJC_Airolo_8364_W_DM_RBLF.pdf,ok,W DM,W,DM,58253,18674,FIS FREESTYLE SKI WORLD JUNIOR CHAMPIONSHIPS 2026 / DM / RESULTS BRACKET
2026FS8364RBLQ.pdf,WJC\2025-26\FIS2026_WJC_Airolo_8364_W_DM_RBLQ.pdf,ok,W DM,W,DM,58253,18674,FIS FREESTYLE SKI WORLD JUNIOR CHAMPIONSHIPS 2026 / DM / RESULTS BRACKET
2026FS8364RLF.pdf,WJC\2025-26\FIS2026_WJC_Airolo_8364_W_DM_RLF.pdf,ok,W DM,W,DM,58253,18674,FIS FREESTYLE SKI WORLD JUNIOR CHAMPIONSHIPS 2026 / RESULTS / DM
2026FS8365RBLF.pdf,WJC\2025-26\FIS2026_WJC_Airolo_8365_M_DM_RBLF.pdf,ok,M DM,M,DM,58253,18675,FIS FREESTYLE SKI WORLD JUNIOR CHAMPIONSHIPS 2026 / DM / RESULTS BRACKET
2026FS8365RBLQ.pdf,WJC\2025-26\FIS2026_WJC_Airolo_8365_M_DM_RBLQ.pdf,ok,M DM,M,DM,58253,18675,FIS FREESTYLE SKI WORLD JUNIOR CHAMPIONSHIPS 2026 / DM / RESULTS BRACKET
2026FS8365RLF.pdf,WJC\2025-26\FIS2026_WJC_Airolo_8365_M_DM_RLF.pdf,ok,M DM,M,DM,58253,18675,FIS FREESTYLE SKI WORLD JUNIOR CHAMPIONSHIPS 2026 / RESULTS / DM
